url,toc_title,title,display_title,description,summary,updated_at,ms_topic,sub_skill_type,confidence,has_expert_knowledge,classification_reason,change_type
https://learn.microsoft.com/en-us/azure/storage/files/analyze-files-metrics,Analyze metrics,Analyze Azure Files metrics with Azure Monitor,Analyze Azure Files performance metrics in Azure Monitor,"Learn to use Azure Monitor to monitor workload performance, throughput, and IOPS. Analyze Azure Files metrics such as availability, latency, and utilization.","Understanding how to monitor file share performance is critical to ensuring that your application is running as efficiently as possible. This article shows you how to useAzure Monitorto analyze Azure Files metrics such as availability, latency, and utilization. SeeMonitor Azure Filesfor details on the monitoring data you can collect for Azure Files and how to use it.",2026-02-03T08:00:00.000Z,how-to,configuration,0.7,True,"Shows how to query and interpret Azure Files metrics (availability, latency, utilization) with specific metric names and dimensions. These are expert monitoring configuration/usage details.",unchanged
https://learn.microsoft.com/en-us/azure/storage/files/authorize-data-operations-portal,Choose how to authorize access to file data in the Azure portal,Authorize Access to Azure File Share Data in the Azure portal,Authorize Azure Files portal access with Entra or keys,"When you access file data using the Azure portal, the portal makes requests to Azure Files behind the scenes. These requests can be authenticated and authorized using either your Microsoft Entra accou","Applies to:✔️ SMB Azure file shares When you access file data by using theAzure portal, the portal makes requests to Azure Files behind the scenes. You can authorize these requests by using either your Microsoft Entra account or the storage account access key. The portal shows which method you're using and enables you to switch between the two methods if you have the appropriate permissions. Important Accessing a file share by using storage account keys has inherent security risks. Always authen",2026-02-28T06:12:00.000Z,how-to,security,0.7,True,"Page is focused on how Azure portal requests to Azure Files are authenticated and authorized, including when and how to use Microsoft Entra identities versus storage account keys and the required permissions. This is product-specific security configuration and access control guidance rather than generic concepts.",unchanged
https://learn.microsoft.com/en-us/azure/storage/files/authorize-oauth-rest,Authorize access using Microsoft Entra ID with OAuth over REST,Enable Access to Azure File Shares Using OAuth Over REST,Enable OAuth-based REST access to Azure Files,Authorize admin-level read and write access to Azure file shares and directories via the OAuth authentication protocol over REST APIs using Microsoft Entra ID. Assign Azure RBAC roles for access right,"By using Azure Files OAuth over REST, users and applications can get admin-level read and write access to Azure file shares through theOAuthauthentication protocol. This access method uses Entra ID for REST API based access. Users, groups, first-party services such as Azure portal, and third-party services and applications using REST interfaces can now use OAuth authentication and authorization with a Microsoft Entra account to access data in Azure Files. PowerShell cmdlets and Azure CLI command",2026-02-27T23:17:00.000Z,concept-article,security,0.8,True,"Describes using Entra ID and OAuth for admin-level REST access, including required Azure RBAC roles and auth flows; product-specific security configuration.",unchanged
https://learn.microsoft.com/en-us/azure/storage/files/azure-files-case-study,Customer case studies,Azure Files customer case studies,,Case studies describing how Microsoft customers use Azure Files and Azure File Sync in different industries.,Customers in diverse industries use Azure Files and Azure File Sync to host their file shares and sync on-premises file servers to cloud. Learn directly from the customer use cases listed here.,2025-09-05T17:17:00.000Z,concept-article,,0.2,False,"Customer case studies are narrative/marketing-style usage stories, not technical reference with limits, configs, or error mappings. They don't provide reusable expert configuration or troubleshooting knowledge.",unchanged
https://learn.microsoft.com/en-us/azure/storage/files/azure-kubernetes-service-workloads,Azure Kubernetes Service,Use Azure Files for Azure Kubernetes Workloads,Integrate Azure Files with AKS using CSI driver,"Learn how to use Azure file shares for Azure Kubernetes Service (AKS) workloads, including how to use the Azure Files CSI driver.","Azure Files provides file shares (Azure Files SMB/NFS endpoints) accessible via SMB 3.x or NFS 4.1 protocols. When integrated with Azure Kubernetes Service (AKS), Azure Files enables persistent, shared storage for containerized applications withReadWriteManyaccess mode, allowing multiple pods (Kubernetes container groups) to mount the same share concurrently.",2026-01-21T06:14:00.000Z,concept-article,integrations,0.75,True,"Describes AKS CSI driver parameters, storage class and PV/PVC configuration fields specific to Azure Files. Contains integration-focused configuration values and patterns.",unchanged
https://learn.microsoft.com/en-us/azure/storage/files/create-classic-file-share,Create a classic file share,Create a classic file share - Azure Files,Create Azure classic file shares with right tier,"How to create an Azure storage account and Azure classic file share by using the Azure portal, Azure PowerShell, or Azure CLI.","✔️Applies to:SMB and NFS Azure classic file shares (Microsoft.Storage) ✖️Doesn't apply to:File shares created with the Microsoft.FileShares resource provider (preview) Before you create an Azure classic file share, you need to answer two questions about how you want to use it: What are the performance requirements for your file share?Azure classic file shares offer two different media tiers of storage, SSD (premium) and HDD (standard), which enable you to tailor your file shares to the performan",2026-01-30T08:00:00.000Z,how-to,decision-making,0.7,True,Includes guidance on choosing SSD vs HDD tiers and performance characteristics when creating classic file shares; supports tier selection decisions rather than just step-by-step creation.,unchanged
https://learn.microsoft.com/en-us/azure/storage/files/create-file-share,Create a file share (Microsoft.FileShares),Create a file share (Microsoft.FileShares),Decide when to use Microsoft.FileShares provider,Learn to use the Azure portal to deploy an NFS file share with Microsoft.FileShares resource provider (preview).,"✔️Applies to:File shares created with the Microsoft.FileShares resource provider (preview) ✖️Doesn't apply to:Classic file shares created with the Microsoft.Storage resource provider The new Microsoft.FileShares resource provider (preview) and management model allows you to deploy file shares without creating an Azure storage account. Before you create an Azure file share with the Microsoft.FileShares resource provider, review the following to decide if it's the right fit for your needs. If you ",2026-02-18T10:58:00.000Z,how-to,decision-making,0.7,True,Explains the new Microsoft.FileShares resource model and when it fits vs classic accounts; contains scenario-based guidance for choosing this management model.,unchanged
https://learn.microsoft.com/en-us/azure/storage/files/encryption-in-transit-for-nfs-shares,Encryption in transit for NFS shares,How to Encrypt Data in Transit for NFS shares,Encrypt data in transit for NFS Azure file shares,This article explains how you can encrypt data in transit (EiT) for NFS Azure file shares by using a TLS channel.,"This article explains how you can encrypt data in transit for NFS Azure file shares. Azure Files NFS v4.1 volumes enhance network security by enabling secure TLS connections, protecting data in transit from interception, including MITM attacks.",2025-08-20T22:15:00.000Z,how-to,security,0.7,True,"Explains how to enable TLS for NFS Azure Files with concrete configuration steps and parameters. This is product-specific security configuration, not just conceptual encryption guidance.",unchanged
https://learn.microsoft.com/en-us/azure/storage/files/file-estimate-cost,Cost estimation examples,How to Estimate the Cost of Azure Files,Estimate Azure Files costs across billing models,Learn how to estimate the cost of Azure Files usage across different billing models.,"In this article, you learn how to estimate the cost difference between the Provisioned v1 and Provisioned v2 SSD billing models for Azure Files in three scenarios. Important These prices are meant only as examples and shouldn't be used to calculate your costs. For official prices, see theAzure Files pricing. For more information about how to choose the correct billing model, seeUnderstand Azure Files billing. We also encourage you to useAzure Pricing calculatorto perform the actual calculations.",2025-08-14T22:10:00.000Z,concept-article,decision-making,0.75,True,Walks through cost estimation scenarios with concrete usage patterns and price impacts between billing models. Provides quantified trade-offs and scenario-based recommendations.,unchanged
https://learn.microsoft.com/en-us/azure/storage/files/files-change-redundancy-configuration,Change the redundancy configuration,Change Redundancy Configuration for Azure Files,Change redundancy configuration for Azure Files accounts,Learn how to change how Azure Files data in an existing storage account is replicated.,"Azure always stores multiple copies of your data to protect it in the face of both planned and unplanned events. These events include transient hardware failures, network or power outages, and natural disasters. Data redundancy ensures that your storage account meets theService-Level Agreement (SLA) for Microsoft Online Services. This article describes the process of changing replication settings for an existing storage account that hosts Azure file shares. Important If you're using a zonal stor",2025-01-15T08:00:00.000Z,how-to,configuration,0.7,True,"Describes exact steps and constraints for changing replication settings (e.g., allowed transitions, unsupported combinations). These are concrete configuration rules unique to Azure Files.",unchanged
https://learn.microsoft.com/en-us/azure/storage/files/files-data-protection-overview,Data protection overview,Data Protection Overview for Azure Files,,Learn how to protect your data in Azure Files. Understand the concepts and processes involved with backup and recovery of Azure file shares.,"Azure Files gives you many tools to protect your data, including soft delete, share snapshots, Azure Backup, and Azure File Sync. This article describes how to protect your data in Azure Files, and the concepts and processes involved with backup and recovery of Azure file shares. Watch this video to learn how Azure Files advanced data protection helps enterprises stay protected against ransomware and accidental data loss while delivering greater business continuity.",2025-08-01T22:11:00.000Z,overview,,0.3,False,"High-level data protection overview (soft delete, snapshots, backup) without clear indication of numeric limits, config tables, or detailed procedures; more conceptual than expert reference.",unchanged
https://learn.microsoft.com/en-us/azure/storage/files/files-disaster-recovery,Disaster recovery and failover,Disaster recovery and failover for Azure Files,Plan disaster recovery and failover for Azure Files,Learn how to recover your data in Azure Files. Understand the concepts and processes involved with disaster recovery and storage account failover.,"Microsoft strives to ensure that Azure services are always available. However, unplanned service outages might occur, and you should have a disaster recovery (DR) plan in place for handling a regional service outage. An important part of a disaster recovery plan is preparing to fail over to the secondary endpoint when the primary endpoint becomes unavailable. This article describes the concepts and processes involved with disaster recovery (DR) and storage account failover. Important Azure File ",2025-08-01T22:11:00.000Z,concept-article,best-practices,0.6,True,"Covers DR and failover processes specific to Azure Files, including when and how to trigger account failover and its implications. Contains product-specific recommendations and gotchas.",unchanged
https://learn.microsoft.com/en-us/azure/storage/files/files-manage-namespaces,Use DFS-N with Azure Files,How to use DFS-N with Azure Files,,"Learn how to use DFS Namespaces (DFS-N) with Azure Files. DFS Namespaces works with SMB file shares, agnostic of where those file shares are hosted.","Distributed File Systems Namespaces, commonly referred to as DFS Namespaces or DFS-N, is a Windows Server server role that's used to simplify the deployment and maintenance of SMB file shares in production. DFS Namespaces provides storage namespace virtualization, enabling you to provide a layer of indirection between the UNC path of your file share and the actual file share. DFS Namespaces works with SMB file shares, agnostic of where those file shares are hosted. It can be used with SMB shares",2025-03-30T05:20:00.000Z,how-to,,0.4,False,"Primarily a how-to/tutorial on using DFS Namespaces with Azure Files. Likely procedural without detailed parameter tables, limits, or product-specific error mappings; more integration pattern than deep config reference.",unchanged
https://learn.microsoft.com/en-us/azure/storage/files/files-managed-identities,Managed identities with Microsoft Entra ID,Use Managed Identities with Azure Files (preview),Use managed identities to access SMB Azure Files,This article explains how you can authenticate managed identities to allow applications and virtual machines to access SMB Azure file shares using identity-based authentication with Microsoft Entra ID,Applies to:✔️ SMB Azure file shares This article explains how you can usemanaged identitiesto allow Windows and Linux virtual machines (VMs) to access SMB Azure file shares using identity-based authentication with Microsoft Entra ID (preview). A managed identity is an identity in Microsoft Entra ID that is automatically managed by Azure. You typically use managed identities when developing cloud applications to manage the credentials for authenticating to Azure services. By the end of this guide,2026-02-17T08:00:00.000Z,how-to,security,0.8,True,"Explains how managed identities authenticate to SMB Azure file shares via Entra ID, with product-specific identity and access configuration steps.",unchanged
https://learn.microsoft.com/en-us/azure/storage/files/files-monitoring-alerts,Create alerts,Monitor Azure Files by creating alerts,Create Azure Monitor alerts for Azure Files health,"Learn how to use Azure Monitor to create alerts on metrics and logs for Azure Files. Monitor throttling, capacity, and egress. Create an alert on high server latency.","Azure Monitor alerts proactively notify you when important conditions are found in your monitoring data. They allow you to identify and address issues in your system before your customers notice them. You can set alerts onmetrics,logs, and theactivity log. This article shows you how to create alerts on throttling, capacity, egress, and high server latency. To learn more about creating alerts, seeCreate or edit an alert rule. For more information about alert types and alerts, seeMonitor Azure Fil",2026-02-03T08:00:00.000Z,how-to,configuration,0.7,True,"Provides concrete alert rules for throttling, capacity, egress, and latency with specific metrics and thresholds. These are product-specific monitoring/alerting configurations.",unchanged
https://learn.microsoft.com/en-us/azure/storage/files/files-network-security-perimeter,Network security perimeter,Network Security Perimeter for Azure Files,Configure network security perimeter for Azure Files,Network security perimeter enables you to define a logical network isolation boundary for Azure file shares and other PaaS resources that are deployed outside your virtual networks.,"Network security perimeterallows organizations to define a logical network isolation boundary for PaaS resources such as Azure Files that are deployed outside their virtual networks. This feature restricts public network access to PaaS resources outside the perimeter. However, you can exempt access by using explicit access rules for public inbound and outbound traffic. This helps prevent unwanted data exfiltration from your storage resources. Within a network security perimeter, member resources",2026-02-12T06:12:00.000Z,how-to,security,0.7,True,"Describes Azure Files–specific NSP configuration, including member/resource rules and access policies. Contains product-specific security settings and rule constructs beyond generic network isolation concepts.",unchanged
https://learn.microsoft.com/en-us/azure/storage/files/files-nfs-protocol,NFS file shares,NFS file shares in Azure Files,Use and plan NFS Azure file shares,"Learn about file shares hosted in Azure Files using the Network File System (NFS) protocol, including security, networking, feature support, and regional availability.","Azure Files offers two industry-standard file system protocols for mounting Azure file shares: theServer Message Block (SMB)protocol and theNetwork File System (NFS)protocol, allowing you to pick the protocol that is the best fit for your workload. Azure file shares don't support accessing an individual Azure file share with both the SMB and NFS protocols, although you can create SMB and NFS file shares within the same FileStorage storage account. Azure Files offers enterprise-grade file shares ",2025-10-24T08:00:00.000Z,concept-article,decision-making,0.65,True,"Covers NFS-specific capabilities, regional availability, and feature support; provides product-specific guidance on when/how to use NFS Azure Files, aiding protocol and deployment decisions.",unchanged
https://learn.microsoft.com/en-us/azure/storage/files/files-redundancy,Storage redundancy,Data Redundancy in Azure Files,Choose Azure Files redundancy options for workloads,Understand the data redundancy options available for Azure file shares and how to choose the best fit for your availability and disaster recovery requirements.,"Azure Files always stores multiple copies of your data so that it's protected from planned and unplanned events, including transient hardware failures, network or power outages, and natural disasters. Redundancy ensures that your storage account meets its availability and durability targets even in the face of failures. When deciding which redundancy option is best for your scenario, consider the tradeoffs between lower costs and higher availability. The factors that help determine which redunda",2026-02-18T10:58:00.000Z,concept-article,decision-making,0.7,True,"Explains how to choose between LRS/ZRS/GRS/etc. for Azure Files with trade-offs in availability, durability, and cost. Likely includes comparison tables and scenario-based recommendations, fitting decision-making.",unchanged
https://learn.microsoft.com/en-us/azure/storage/files/files-remove-smb1-linux,Disable SMB on the Linux SMB client,Improve security by disabling SMB 1 on Linux clients,Disable insecure SMB1 on Linux for Azure Files,"Azure Files supports SMB 3.x and SMB 2.1, but not insecure legacy versions such as SMB 1. This article explains how to disable SMB 1 on Linux clients.","Many organizations and internet service providers (ISPs) block the port that SMB uses to communicate, port 445. This practice originates from security guidance about legacy and deprecated versions of the SMB protocol. Although SMB 3.x is an internet-safe protocol, older versions of SMB, especially SMB 1, aren't. SMB 1, also known as CIFS (Common Internet File System), is included with many Linux distributions. SMB 1 is an outdated, inefficient, and insecure protocol. The good news is that Azure ",2024-05-08T22:08:00.000Z,how-to,security,0.65,True,"Provides concrete Linux configuration steps and commands to disable SMB1 in the context of Azure Files, including package/module settings. This is product- and protocol-specific security hardening guidance.",unchanged
https://learn.microsoft.com/en-us/azure/storage/files/files-reserve-capacity,Optimize costs with storage reservations,Reduce costs for Azure Files with Reservations - Azure Files,Reduce Azure Files costs using reservations,"Learn how to save costs on Azure file share deployments by using Azure Files Reservations, also called reserved instances. Get a discount on capacity when you commit to a Reservation for either one ye",✔️Applies to:Classic file shares created with the Microsoft.Storage resource provider with either the provisioned v1 or pay-as-you-go billing models ✖️Doesn't apply to:All file shares using the provisioned v2 billing model including file shares created with the Microsoft.FileShares resource provider (preview) or classic file shares created with the Microsoft.Storage resource provider You can save money on the storage costs for Azure file shares with Azure Files Reservations. Azure Files Reservat,2026-02-18T10:58:00.000Z,concept-article,decision-making,0.7,True,"Describes when reservations apply (which billing models), discount behavior, and term options (1-year/3-year). Guides cost-optimization decisions with product-specific constraints.",unchanged
https://learn.microsoft.com/en-us/azure/storage/files/files-smb-protocol,SMB file shares,SMB File Shares in Azure Files,,"Learn about file shares hosted in Azure Files using the Server Message Block (SMB) protocol, including features, security, and SMB Multichannel.","Applies to:✔️ SMB Azure file shares Azure Files offers two industry-standard protocols for mounting Azure file share: theServer Message Block (SMB)protocol and theNetwork File System (NFS)protocol. Azure Files enables you to pick the file system protocol that is the best fit for your workload. Azure file shares don't support accessing an individual Azure file share with both the SMB and NFS protocols, although you can create SMB and NFS file shares within the same storage account. For all file s",2026-01-15T23:11:00.000Z,concept-article,,0.3,False,"Describes SMB protocol support and features conceptually; no detailed configuration tables, limits, or decision matrices.",unchanged
https://learn.microsoft.com/en-us/azure/storage/files/files-whats-new,What's new in Azure Files?,What's New in Azure Files and Azure File Sync,,Learn about new features and enhancements in Azure Files and Azure File Sync.,Azure Files and Azure File Sync are updated regularly to offer new features and enhancements. This article provides detailed information about what's new in Azure Files and Azure File Sync.,2025-11-18T08:00:00.000Z,concept-article,,0.1,False,"What's new changelog; mostly release notes and feature announcements without structured limits, configs, or troubleshooting mappings.",unchanged
https://learn.microsoft.com/en-us/azure/storage/files/glusterfs-migration-guide,Migrate GlusterFS to Azure Files,GlusterFS to Azure Files Migration Guide,Migrate GlusterFS volumes to Azure Files,Red Hat Gluster Storage (based on GlusterFS) has reached the end of its support lifecycle. Use this guide to migrate GlusterFS volumes to Azure Files.,"This article provides guidance on migrating data from GlusterFS volumes to Azure Files, Microsoft's fully managed file service in the cloud. Azure Files offers both SMB (Server Message Block) and NFS (Network File System) protocols, making it suitable for both Windows and Linux workloads.",2025-11-07T05:43:00.000Z,how-to,deployment,0.65,True,"Provides guidance for moving from GlusterFS to Azure Files, including protocol choices and migration steps; product- and source-specific migration knowledge.",unchanged
https://learn.microsoft.com/en-us/azure/storage/files/migrate-files-between-shares,Migrate files between Azure file shares,Copy Files Between Azure File Shares,Copy files between Azure file shares with tools,Learn how to copy files from one Azure file share to another using common copy tools such as AzCopy and Robocopy.,"This article describes how to copy files between Azure file shares using common copy tools. You can copy files between HDD and SSD file shares, file shares using a different billing model, or file shares in different Azure regions. This article doesn't provide guidance for migrations to Azure Files. If you want to migrate to Azure Files, seeMigrate to SMB Azure file sharesorMigrate to NFS Azure file shares. If you're using Azure File Sync and you want to migrate between Azure file shares, seeMig",2026-02-03T18:20:00.000Z,how-to,configuration,0.7,True,"Shows how to use AzCopy/Robocopy to copy between shares, including cross-tier and cross-region scenarios; contains product-specific command usage and options.",unchanged
https://learn.microsoft.com/en-us/azure/storage/files/migrate-files-storage-mover,Use Azure Storage Mover to migrate to Azure file shares,Migrate to Azure Files using Azure Storage Mover,Migrate SMB/NFS shares to Azure Files via Storage Mover,"Learn how to migrate on-premises SMB or NFS file shares to Azure file shares with full fidelity using Azure Storage Mover, a fully managed migration service.","Applies to:✔️ SMB and NFS Azure file shares This migration guide describes how to migrate on-premises files to Azure file shares with full fidelity usingAzure Storage Mover, a fully managed migration service. You can use Storage Mover to migrate from SMB or NFS source shares, including Windows Server, Linux, or NAS. Storage Mover uses the FileREST API to move the data. Storage Mover isn't currently available in Azure Government clouds. Note If you're using or plan to use Azure File Sync for clou",2026-01-22T18:12:00.000Z,how-to,deployment,0.7,True,"End-to-end migration guide using Azure Storage Mover, a managed migration service; includes product-specific migration configuration and constraints (e.g., cloud availability).",unchanged
https://learn.microsoft.com/en-us/azure/storage/files/modify-file-share,Modify a file share,Modify an Azure File Share - Azure Files,,"Learn how to adjust the size, cost, and performance characteristics of Azure file shares by using the Azure portal, Azure PowerShell, or Azure CLI.","✔️Applies to:SMB and NFS Azure classic file shares (Microsoft.Storage) ✔️Applies to:File shares created with the Microsoft.FileShares resource provider (preview) This article explains how to adjust the size, cost, and performance characteristics of Azure file shares using the Azure portal, Azure PowerShell, and Azure CLI. The procedures are different for classic file shares, which use the Microsoft.Storage resource provider, versus file shares created with Microsoft.FileShares (preview).",2026-01-29T18:11:00.000Z,how-to,,0.4,False,"How-to for modifying file shares (size, cost, performance) but primarily procedural; summary doesn’t show detailed config tables or numeric thresholds.",unchanged
https://learn.microsoft.com/en-us/azure/storage/files/nfs-large-directories,Large directory best practices,Work with large directories in Azure file shares,Handle large directories on Azure Files with Linux,"Learn recommendations for working with large directories in Azure file shares mounted on Linux clients, including mount options, commands, and operations.","This article provides recommendations for working with directories that contain large numbers of files. It's usually a good practice to reduce the number of files in a single directory by spreading the files over multiple directories. However, there are situations in which large directories can't be avoided. Consider the following suggestions when working with large directories on Azure file shares that are mounted on Linux clients.",2025-07-25T08:00:00.000Z,concept-article,best-practices,0.65,True,"Gives specific recommendations, mount options, and commands for large-directory scenarios on Azure Files NFS/SMB. These are product-specific operational best practices.",unchanged
https://learn.microsoft.com/en-us/azure/storage/files/nfs-performance,NFS performance,Improve NFS Azure file share performance,Tune NFS Azure file share performance at scale,"Learn ways to improve the performance and throughput of NFS Azure file shares at scale, including the nconnect mount option for Linux clients.",This article explains how you can improve performance for network file system (NFS) Azure file shares.,2025-03-31T22:05:00.000Z,concept-article,best-practices,0.7,True,"Includes NFS-specific options (such as nconnect values) and mount parameters for Azure Files. These are concrete, product-specific performance tuning patterns.",unchanged
https://learn.microsoft.com/en-us/azure/storage/files/nfs-root-squash,Configure root squash (NFS shares),Configure Root Squash Settings for NFS Azure File Shares,Configure root squash security for NFS Azure Files,Root squash is a security feature that prevents unauthorized root-level access to the NFS server by client machines. Learn how to configure root squash for NFS Azure file shares.,Permissions for NFS file shares are enforced by the client operating system rather than the Azure Files service. Root squash is an administrative security feature in NFS that prevents unauthorized root-level access to the NFS server by client machines. This functionality is an important part of protecting user data and system settings from manipulation by untrusted or compromised clients. Administrators should enable root squash in environments where multiple users or systems access the NFS shar,2026-01-14T06:10:00.000Z,concept-article,security,0.7,True,Covers root squash modes and how to configure them for NFS Azure file shares. Contains product-specific security behavior and configuration values that affect access control.,unchanged
https://learn.microsoft.com/en-us/azure/storage/files/redundancy-premium-file-shares,SSD file shares redundancy support,Redundancy support for SSD Azure file shares,Check redundancy region support for SSD Azure file shares,SSD (premium) file storage is provided for Azure file shares through the FileStorage storage account kind. Determine the Azure regions in which locally redundant storage (LRS) and zone redundant stora,Azure Files supports SSD file shares in a subset of all Azure regions. Use this article to determine the Azure regions in which locally redundant storage (LRS) and zone redundant storage (ZRS) are supported for SSD file shares.,2025-08-18T22:33:00.000Z,reference,limits-quotas,0.7,True,"Lists which regions support LRS and ZRS for SSD file shares, effectively a capability/limits matrix by region. This is expert knowledge about where specific redundancy options are available.",unchanged
https://learn.microsoft.com/en-us/azure/storage/files/smb-performance,SMB performance,Improve SMB Azure File Share Performance,Improve performance of SMB premium Azure file shares,"Learn about ways to improve performance and throughput for SSD (premium) SMB Azure file shares, including SMB Multichannel and metadata caching.","Applies to:✔️ SMB Azure file shares This article explains how you can improve performance for SSD (premium) SMB Azure file shares, including using SMB Multichannel and metadata caching.",2026-01-15T08:00:00.000Z,concept-article,best-practices,0.75,True,"Provides concrete recommendations like enabling SMB Multichannel, metadata caching, and specific client settings. These are Azure Files–specific performance best practices with configuration details.",unchanged
https://learn.microsoft.com/en-us/azure/storage/files/storage-dotnet-how-to-use-files,.NET,Develop for Azure Files with .NET - Azure Storage,Develop .NET applications using Azure Files SDKs,Learn how to develop .NET applications and services that use Azure Files to store data.,"Learn how to develop .NET applications that use Azure Files to store data. Azure Files is a managed file share service in the cloud. It provides fully managed file shares that are accessible via the industry standard Server Message Block (SMB) and Network File System (NFS) protocols. Azure Files also provides a REST API for programmatic access to file shares. In this article, you learn about the different approaches to developing with Azure Files in .NET, and how to choose the approach that best",2025-04-08T08:00:00.000Z,concept-article,integrations,0.7,True,"Includes Azure Files .NET SDK usage patterns, client types, and method/parameter references specific to this service, beyond generic .NET file I/O.",unchanged
https://learn.microsoft.com/en-us/azure/storage/files/storage-files-active-directory-overview,Overview of identity-based authentication,Overview - Azure Files Identity-Based Authentication,Overview of identity-based SMB auth for Azure Files,"Azure Files supports identity-based authentication over SMB (Server Message Block) with Active Directory Domain Services (AD DS), Microsoft Entra Domain Services, and Microsoft Entra Kerberos for hybr","Applies to:✔️ SMB Azure file shares This article explains how you can use identity-based authentication, either on-premises or in Azure, to enable identity-based access to Azure Files over Server Message Block (SMB) protocol. Just like Windows file servers, you can grant permissions to an identity at the share, directory, or file level. There's no extra service charge to enable identity-based authentication on your storage account. Azure Files supports identity-based authentication over SMB for ",2026-02-21T06:13:00.000Z,overview,security,0.75,True,"Product-specific security overview listing supported identity sources (AD DS, Entra DS, Entra Kerberos) and how they apply to Azure Files; contains concrete authentication modes and scope details.",unchanged
https://learn.microsoft.com/en-us/azure/storage/files/storage-files-authorization-overview,Overview of authorization and access control,Overview - Azure Files Authorization and Access Control,Configure authorization and access control for Azure Files,Azure Files enforces authorization on user access at both the share level and the directory/file level. You can assign share-level permissions through Azure RBAC.,"Applies to:✔️ SMB Azure file shares Regardless of which identity source you choose foridentity-based authenticationon your storage account, you need to configure authorization and access control. Azure Files enforces authorization on user access at both the share level and the directory/file level. You can assign share-level permissions to Microsoft Entra users or groups that are managed throughAzure RBAC. With Azure RBAC, the credentials you use for file access should be available or synced to ",2026-02-26T23:12:00.000Z,overview,security,0.8,True,"Describes share-level vs directory/file-level authorization, Azure RBAC roles for share access, and how identities are used; includes product-specific RBAC and ACL behavior.",unchanged
https://learn.microsoft.com/en-us/azure/storage/files/storage-files-configure-p2s-vpn-linux,Configure Point-to-Site VPN on Linux,Configure a Point-to-Site VPN on Linux for Azure Files,Configure Linux P2S VPN access to Azure Files,Learn how to configure a point-to-site virtual private network (VPN) on Linux to mount your Azure file shares directly on premises.,"You can use a point-to-site virtual private network (VPN) connection to mount your Azure file shares from outside of Azure, without sending data over the open internet. A point-to-site VPN connection is a VPN connection between Azure and an individual client machine. To use a point-to-site VPN connection with Azure Files, you need to configure a point-to-site VPN connection for each client machine that wants to connect. If you have many client machines that need to connect to your Azure file sha",2026-01-22T18:12:00.000Z,how-to,configuration,0.7,True,"Linux-specific P2S VPN setup for Azure Files with concrete configuration snippets, package names, and parameter values. These are product- and OS-specific settings not derivable from generic VPN concepts.",unchanged
https://learn.microsoft.com/en-us/azure/storage/files/storage-files-configure-p2s-vpn-windows,Configure Point-to-Site VPN on Windows,Configure a Point-to-Site VPN on Windows for Azure Files,Configure Windows P2S VPN access to Azure Files,How to configure a point-to-site (P2S) VPN on Windows for use with SMB Azure file shares to mount your Azure file shares over SMB from outside of Azure without opening up port 445.,"Applies to:✔️ SMB Azure file shares You can use a point-to-site (P2S) VPN connection to mount your Azure file shares over SMB from outside of Azure, without opening up port 445. A point-to-site VPN connection is a VPN connection between Azure and an individual client. To use a P2S VPN connection with Azure Files, you must configure a VPN connection for each client that wants to connect. If you have many clients that need to connect to your Azure file shares from your on-premises network, you can",2025-11-07T05:43:00.000Z,how-to,configuration,0.7,True,"Step-by-step configuration for Windows P2S VPN to Azure Files with product-specific parameters (VPN client config, certificate requirements, address spaces). Contains concrete settings and values unique to Azure Files networking, beyond generic VPN knowledge.",unchanged
https://learn.microsoft.com/en-us/azure/storage/files/storage-files-configure-s2s-vpn,Configure Site-to-Site VPN,Configure a Site-to-Site VPN for Azure Files,Configure site-to-site VPN for Azure Files access,"Learn how to configure a site-to-site (S2S) VPN for use with Azure Files so you can mount your Azure file shares from on premises. Use the Azure portal, PowerShell, or CLI.","You can use a site-to-site (S2S) VPN connection to mount your Azure file shares from your on-premises network, without sending data over the open internet. You can set up a S2S VPN usingAzure VPN Gateway, which is an Azure resource offering VPN services. You deploy VPN Gateway in a resource group alongside storage accounts or other Azure resources. We strongly recommend that you readAzure Files networking overviewbefore continuing with this article for a complete discussion of the networking opt",2025-04-01T11:23:00.000Z,how-to,configuration,0.7,True,"Detailed S2S VPN configuration for Azure Files using VPN Gateway, including gateway types, address spaces, and Azure-specific parameters. This is concrete configuration reference, not just conceptual guidance.",unchanged
https://learn.microsoft.com/en-us/azure/storage/files/storage-files-developer-overview,Overview,Overview of application development with Azure Files - Azure Storage,Choose application development approaches with Azure Files,Learn how to develop applications and services that use Azure Files to store data.,This article provides an overview of application development with Azure Files and helps you decide which approach is best based on the needs of your app.,2025-04-01T11:23:00.000Z,concept-article,decision-making,0.65,True,"Helps decide between SMB, NFS, REST, and SDK approaches for Azure Files based on app needs. Provides scenario-based guidance on when to choose each, fitting decision-making.",unchanged
https://learn.microsoft.com/en-us/azure/storage/files/storage-files-faq,Azure Files FAQ,Azure Files frequently asked questions (FAQ),Azure Files and File Sync FAQ with limits and behaviors,"Get answers to frequently asked questions (FAQ) about Azure Files and Azure File Sync. You can mount Azure file shares concurrently on cloud or on-premises Windows, Linux, or macOS deployments.","Azure Filesoffers fully managed file shares in the cloud that are accessible via the industry-standardServer Message Block (SMB) protocoland theNetwork File System (NFS) protocol. You can mount Azure file shares concurrently on cloud or on-premises deployments of Windows, Linux, and macOS. You also can cache Azure file shares on Windows Server machines by using Azure File Sync for fast access close to where the data is used.",2025-09-30T08:00:00.000Z,faq,limits-quotas,0.7,True,"Azure Files FAQ typically includes many numeric limits (max shares, file size, throughput behaviors) and edge-case behaviors. These are expert details not obvious from overviews.",unchanged
https://learn.microsoft.com/en-us/azure/storage/files/storage-files-how-to-mount-nfs-shares,Mount NFS file share on Linux,Mount an NFS Azure File Share on Linux,Mount NFS Azure file shares on Linux,"Learn how to mount a Network File System (NFS) Azure file share on Linux, including configuring network security and mount options.","Azure file shares can be mounted in Linux distributions using either the Server Message Block (SMB) protocol or the Network File System (NFS) protocol. This article is focused on mounting with NFS. For details on mounting SMB file shares, seeUse Azure Files with Linux. For details on each of the available protocols, seeAzure file share protocols.",2026-01-16T06:11:00.000Z,how-to,configuration,0.75,True,"Covers NFS mount options, network security, and configuration for Azure Files; includes product-specific mount parameters and networking requirements.",unchanged
https://learn.microsoft.com/en-us/azure/storage/files/storage-files-identity-ad-ds-enable,Enable AD DS authentication,Enable AD DS Authentication for Azure Files,Enable AD DS authentication for Azure file shares,Learn how to enable Active Directory Domain Services authentication over SMB for Azure file shares. Your domain-joined Windows virtual machines can then access Azure file shares by using AD DS credent,"Applies to:✔️ SMB Azure file shares This article describes the process for enabling Active Directory Domain Services (AD DS) authentication on your storage account. By enabling this authentication method, you can use on-premises Active Directory (AD) credentials to authenticate to Azure file shares. Important Before you enable AD DS authentication, make sure you understand the supported scenarios and requirements in theoverview articleand complete the necessaryprerequisites. If your Active Direc",2026-02-23T23:22:00.000Z,how-to,security,0.85,True,"Step-by-step enabling of AD DS auth with Azure Files, including specific security prerequisites and configuration steps unique to this product.",unchanged
https://learn.microsoft.com/en-us/azure/storage/files/storage-files-identity-ad-ds-overview,AD DS overview,On-Premises AD DS Authentication for Azure Files,Configure on-prem AD DS auth for Azure Files,"Learn about Active Directory Domain Services (AD DS) authentication to Azure file shares over SMB, including supported scenarios and how permissions work between AD DS and Microsoft Entra ID.","Applies to:✔️ SMB Azure file shares Azure Files supports identity-based authentication for Windows file shares over Server Message Block (SMB) using the Kerberos authentication protocol through the following methods: To select the right AD source for authentication, review theHow it works section. The setup is different depending on the domain service you choose. This article focuses on enabling and configuring on-premises AD DS for authentication with Azure file shares. If you're new to Azure F",2026-02-20T08:00:00.000Z,how-to,security,0.8,True,"Details AD DS-based SMB authentication, supported scenarios, and how permissions map between AD DS and Entra ID; includes product-specific security behavior and configuration requirements.",unchanged
https://learn.microsoft.com/en-us/azure/storage/files/storage-files-identity-ad-ds-update-password,Update password,Update Password for an AD DS Storage Account Identity,Rotate AD DS storage account identity password,Learn how to update the password of the Active Directory Domain Services (AD DS) identity that represents your storage account.,"Applies to:✔️ SMB Azure file shares When you domain join your storage account in your Active Directory Domain Services (AD DS), you create an AD principal, either a computer account or service account, with a password. The password for the AD principal is one of the Kerberos keys for the storage account. Depending on the password policy of the organizational unit for the AD principal, you must periodically rotate the password to avoid authentication problems. If you don't change the password bef",2026-02-25T18:04:00.000Z,how-to,security,0.75,True,Describes how the AD principal password functions as a Kerberos key for Azure Files and how to rotate it; product-specific security/identity maintenance guidance.,unchanged
https://learn.microsoft.com/en-us/azure/storage/files/storage-files-identity-assign-share-level-permissions,Assign share-level permissions,Assign Share-Level Permissions for Azure Files,Assign share-level permissions for Azure file shares,Learn how to control access to Azure Files by assigning share-level permissions to control user access to Azure file shares with identity-based authentication.,"Applies to:✔️ SMB Azure file shares After you enable an identity source for your storage account, you must configure share-level permissions to access your file share. You can assign share-level permissions in two ways: tospecific Microsoft Entra users or groups, or to all authenticated identities as adefault share-level permission.",2026-02-27T06:11:00.000Z,how-to,security,0.85,True,Shows how to assign share-level permissions to Entra users/groups or default permissions using Azure RBAC; includes specific roles and access control patterns.,unchanged
https://learn.microsoft.com/en-us/azure/storage/files/storage-files-identity-auth-domain-services-enable,Enable Microsoft Entra Domain Services,Use Microsoft Entra Domain Services with Azure Files,Use Entra Domain Services auth with Azure Files,Learn how to enable identity-based authentication over Server Message Block (SMB) for Azure Files through Microsoft Entra Domain Services. Your Windows VMs can then access Azure file shares by using M,"Applies to:✔️ SMB Azure file shares Azure Files supports identity-based authentication for Windows file shares over Server Message Block (SMB) using the Kerberos authentication protocol through the following methods: This article focuses on enabling Microsoft Entra Domain Services (formerly Azure Active Directory Domain Services) for identity-based authentication with Azure file shares. In this authentication scenario, Microsoft Entra credentials and Microsoft Entra Domain Services credentials a",2026-02-25T23:33:00.000Z,how-to,security,0.85,True,"Details enabling Entra Domain Services for SMB Azure Files, including how Entra and Entra DS credentials are used; contains concrete security configuration steps and roles.",unchanged
https://learn.microsoft.com/en-us/azure/storage/files/storage-files-identity-auth-hybrid-cloud-trust,Enable authentication for hybrid identities on legacy clients,Configure Cloud Trust between AD DS and Entra ID,Configure cloud trust between AD DS and Entra ID,Learn how to enable Microsoft Entra Kerberos authentication over SMB for Azure Files and establish a cloud trust between on-premises Active Directory Domain Services (AD DS) and Microsoft Entra ID. Yo,"Applies to:✔️ SMB Azure file shares Many organizations want to use identity-based authentication for SMB Azure file shares in environments that span both on-premises Active Directory Domain Services (AD DS) and Microsoft Entra ID (formerly Azure Active Directory), but don't meet the necessaryoperating system or domain prerequisites. In such scenarios, you can enable Microsoft Entra Kerberos authentication for hybrid user identities and then establish a cloud trust between your on-premises AD DS ",2026-02-26T18:46:00.000Z,how-to,security,0.8,True,"Covers establishing cloud trust for Entra Kerberos auth to Azure Files, including hybrid identity security configuration unique to this integration.",unchanged
https://learn.microsoft.com/en-us/azure/storage/files/storage-files-identity-auth-hybrid-identities-enable,Enable authentication for hybrid or cloud-only identities,Microsoft Entra Kerberos Authentication for Azure Files,Configure Entra Kerberos auth for Azure Files,Learn how to enable identity-based Kerberos authentication over Server Message Block (SMB) for Azure Files through Microsoft Entra ID. Hybrid and cloud-only users can then access Azure file shares by ,Applies to:✔️ SMB Azure file shares This article focuses on enabling and configuring Microsoft Entra ID (formerly Azure AD) for authenticatinghybridor cloud-only identities (preview). Hybrid identities are on-premises Active Directory Domain Services (AD DS) identities that are synced to Microsoft Entra ID using eitherMicrosoft Entra ConnectorMicrosoft Entra Connect cloud sync. Cloud-only identities are created and managed only in Microsoft Entra ID. When you enable Microsoft Entra Kerberos auth,2026-02-26T06:24:00.000Z,how-to,security,0.85,True,"Explains enabling Entra ID Kerberos for hybrid and cloud-only identities, with product-specific authentication flows and configuration for SMB Azure file shares.",unchanged
https://learn.microsoft.com/en-us/azure/storage/files/storage-files-identity-auth-linux-kerberos-enable,Configure Linux clients,Use Kerberos Authentication for Linux Clients with Azure Files,Enable Kerberos auth for Linux SMB Azure Files,Learn how to enable identity-based Kerberos authentication for Linux clients over Server Message Block (SMB) for Azure Files using on-premises Active Directory Domain Services (AD DS) or Microsoft Ent,"Applies to:✔️ SMB Azure file shares For more information on supported options and considerations, seeOverview of Azure Files identity-based authentication options for SMB access. Azure Filessupports identity-based authentication over Server Message Block (SMB) for Linux virtual machines (VMs) using the Kerberos authentication protocol through the following methods: To use AD DS, you must sync your AD DS to Microsoft Entra ID by using Microsoft Entra Connect. Note This article uses Ubuntu for the",2026-02-24T06:10:00.000Z,how-to,security,0.8,True,"Covers Kerberos-based identity auth for Linux clients with Azure Files, including AD DS/Entra DS integration and specific security configuration steps.",unchanged
https://learn.microsoft.com/en-us/azure/storage/files/storage-files-identity-configure-file-level-permissions,Configure directory/file-level permissions,Configure Directory and File Level Permissions for Azure Files,Configure NTFS ACLs for Azure Files SMB access,Learn how to configure Windows ACLs for directory and file level permissions for Active Directory (AD) authentication to Azure file shares over SMB for granular access control.,"Applies to:✔️ SMB Azure file shares Before you begin this article, make sure youassign share-level permissions to an identitywith Azure role-based access control (RBAC). After you assign share-level permissions, you can configure Windows access control lists (ACLs), also known as NTFS permissions, at the root, directory, or file level. Important To configure Windows ACLs for hybrid identities, you need a client machine running Windows that has unimpeded network connectivity to the domain control",2026-02-27T18:31:00.000Z,how-to,security,0.8,True,"Explains configuring Windows ACLs/NTFS permissions for Azure Files, including hybrid identity considerations and client requirements; product-specific security configuration.",unchanged
https://learn.microsoft.com/en-us/azure/storage/files/storage-files-identity-multiple-forests,Use Azure Files with multiple AD DS forests,Use Azure Files with Multiple Active Directory (AD) Forests,Use Azure Files with multi-forest AD DS,Configure on-premises Active Directory Domain Services (AD DS) authentication for SMB Azure file shares with an AD DS environment using multiple forests.,"Applies to:✔️ SMB Azure file shares Many organizations want to use identity-based authentication for SMB Azure file shares in environments that have multiple on-premises Active Directory Domain Services (AD DS) forests. This is a common IT scenario, especially following mergers and acquisitions, where the acquired company's AD forests are isolated from the parent company's AD forests. This article explains how forest trust relationships work and provides step-by-step instructions for multi-fores",2026-02-23T08:00:00.000Z,how-to,security,0.8,True,Explains forest trust configurations and steps for multi-forest AD DS authentication to SMB Azure file shares; product-specific identity and trust setup details.,unchanged
https://learn.microsoft.com/en-us/azure/storage/files/storage-files-introduction,What is Azure Files?,Introduction to Azure Files,,"An overview of Azure Files, a service that enables you to create and use network file shares in the cloud using either SMB or NFS protocols.","Azure Files offers fully managed file shares in the cloud that are accessible via the industry standardServer Message Block (SMB) protocol,Network File System (NFS) protocol, andAzure Files REST API. Azure file shares can be mounted concurrently by cloud or on-premises deployments. SMB Azure file shares are accessible from Windows, Linux, and macOS clients. NFS Azure file shares are accessible from Linux clients. Additionally, SMB Azure file shares can be cached on Windows servers withAzure File",2025-07-16T22:08:00.000Z,overview,,0.1,False,"High-level introduction to Azure Files; overview of protocols and scenarios without detailed limits, configs, or error mappings.",unchanged
https://learn.microsoft.com/en-us/azure/storage/files/storage-files-migration-linux-hybrid,Migrate from Linux to a hybrid file server with Azure File Sync,Linux migration to Azure File Sync,Migrate Linux servers to Azure File Sync hybrid,Learn how to migrate files from a Linux server location to a hybrid cloud deployment with Azure File Sync and Azure file shares.,"✔️Applies to:Classic SMB file shares created with the Microsoft.Storage resource provider ✖️Doesn't apply to:All NFS file shares including file shares created with the Microsoft.FileShares resource provider (preview) or classic file shares created with the Microsoft.Storage resource provider This migration article is one of several involving the keywords NFS and Azure File Sync. Check if this article applies to your scenario: If your scenario is different, look through thetable of migration guid",2026-02-18T10:58:00.000Z,how-to,deployment,0.7,True,Migration guide from Linux to a hybrid Azure File Sync deployment; includes product-specific migration steps and constraints.,unchanged
https://learn.microsoft.com/en-us/azure/storage/files/storage-files-migration-nas-cloud-databox,Migrate from an on-premises NAS to Azure file shares with DataBox,On-premises NAS migration to Azure Files,Migrate on-prem NAS to Azure Files with Data Box,Learn how to migrate files from an on-premises Network Attached Storage (NAS) location to Azure file shares with Azure DataBox.,"✔️Applies to:Classic SMB file shares created with the Microsoft.Storage resource provider ✖️Doesn't apply to:All NFS file shares including file shares created with the Microsoft.FileShares resource provider (preview) or classic file shares created with the Microsoft.Storage resource provider This migration article is one of several involving the keywords NAS and Azure DataBox. Check if this article applies to your scenario: If your scenario is different, look through thetable of migration guides",2025-12-19T08:00:00.000Z,how-to,deployment,0.7,True,Covers using Azure Data Box to move NAS data to Azure Files; includes product-specific migration workflow and constraints.,unchanged
https://learn.microsoft.com/en-us/azure/storage/files/storage-files-migration-nas-hybrid,Migrate from on-premises NAS to a hybrid file server using Azure File Sync,On-premises NAS migration to Azure File Sync,Migrate NAS SMB shares to Azure File Sync hybrid,Learn how to migrate SMB file shares from on-premises Network Attached Storage (NAS) to a hybrid cloud deployment with Azure File Sync and Azure file shares.,"✔️Applies to:Classic SMB file shares created with the Microsoft.Storage resource provider ✖️Doesn't apply to:All NFS file shares including file shares created with the Microsoft.FileShares resource provider (preview) or classic file shares created with the Microsoft.Storage resource provider This migration article is one of several involving the keywords NAS and Azure File Sync. Check if this article applies to your scenario: If your scenario is different, look through thetable of migration guid",2024-01-25T08:00:00.000Z,how-to,deployment,0.7,True,Describes migrating NAS SMB shares into a hybrid Azure File Sync + Azure Files setup; product-specific migration/deployment workflow.,unchanged
https://learn.microsoft.com/en-us/azure/storage/files/storage-files-migration-nas-hybrid-databox,Migrate from on-premises NAS to a hybrid file server using DataBox,On-premises NAS migration to Azure File Sync via Data Box,Migrate NAS to Azure File Sync via Data Box,Learn how to migrate files from an on-premises Network Attached Storage (NAS) location to a hybrid cloud deployment by using Azure File Sync via Azure Data Box.,"✔️Applies to:Classic SMB file shares created with the Microsoft.Storage resource provider ✖️Doesn't apply to:All NFS file shares including file shares created with the Microsoft.FileShares resource provider (preview) or classic file shares created with the Microsoft.Storage resource provider This migration article is one of several that apply to the keywords NAS, Azure File Sync, and Azure Data Box. Check if this article applies to your scenario: If your scenario is different, look through theta",2024-05-06T08:00:00.000Z,how-to,deployment,0.7,True,"Combines NAS, Azure File Sync, and Data Box for hybrid migration; includes detailed migration path and product-specific constraints.",unchanged
https://learn.microsoft.com/en-us/azure/storage/files/storage-files-migration-nfs,Migrate to NFS Azure file shares,Migrate to NFS Azure File Shares from Linux,Migrate Linux servers to NFS Azure file shares,Learn how to migrate from Linux file servers to NFS Azure file shares using recommended file copy tools. Compare the performance of file copy tools fpsync and rsync.,"✔️Applies to:Classic NFS file shares created with the Microsoft.Storage resource provider ✖️Doesn't apply to:All file shares including file shares created with the Microsoft.FileShares resource provider (preview) or classic SMB file shares created with the Microsoft.Storage resource provider This article covers the basic aspects of migrating from Linux file servers to NFS Azure file shares, which are only available as SSD (premium) file shares. We'll also compare the open source file copy tools ",2026-02-18T10:58:00.000Z,how-to,decision-making,0.75,True,Describes migration from Linux file servers to NFS Azure Files and compares fpsync vs rsync performance; includes tool comparison and scenario guidance.,unchanged
https://learn.microsoft.com/en-us/azure/storage/files/storage-files-migration-overview,Migrate to SMB Azure file shares,Migration Overview for SMB Azure File Shares,Choose migration approach for SMB Azure Files,"Learn how to migrate to SMB Azure file shares and choose from a table of migration guides using Azure Storage Mover, Robocopy, Azure File Sync, and other tools.",✔️Applies to:Classic SMB file shares created with the Microsoft.Storage resource provider ✖️Doesn't apply to:All NFS file shares including file shares created with the Microsoft.FileShares resource provider (preview) or classic file shares created with the Microsoft.Storage resource provider This article covers the basic aspects of a migration to SMB Azure file shares and contains a table of migration guides. These guides help you move your files into Azure file shares. The guides are organized ,2025-08-28T08:00:00.000Z,concept-article,decision-making,0.8,True,"Migration overview with a table of migration guides and tools (Storage Mover, Robocopy, Azure File Sync) organized by scenario; helps decide which migration path to use.",unchanged
https://learn.microsoft.com/en-us/azure/storage/files/storage-files-migration-robocopy,Use Robocopy to migrate to SMB Azure file shares,Migrate to Azure Files Using RoboCopy,Migrate to SMB Azure file shares using Robocopy,Learn how to move or migrate files to an SMB Azure file share using RoboCopy.,"Applies to:✔️ SMB Azure file shares This migration article describes the use of RoboCopy to move or migrate files to an SMB Azure file share. RoboCopy is a trusted and well-known file copy utility with a feature set that makes it well suited for migrations. It uses the SMB protocol, which makes it broadly applicable to any source and target combination that supports SMB. Important There are many different migration routes for different source and deployment combinations. Before completing the st",2025-12-19T08:00:00.000Z,how-to,deployment,0.7,True,"Describes using Robocopy for migrations, including flags and patterns suited to Azure Files; product-specific migration/deployment guidance.",unchanged
https://learn.microsoft.com/en-us/azure/storage/files/storage-files-monitoring,Monitor Azure Files,Monitor Azure Files using Azure Monitor,Configure Azure Monitor for Azure Files metrics and logs,Learn how to monitor Azure Files and analyze metrics and logs using Azure Monitor.,"This article describes: Note If you're already familiar with this service and/or Azure Monitor and just want to know how to analyze monitoring data, see theAnalyzesection near the end of this article. When you have critical applications and business processes that rely on Azure resources, you need to monitor and get alerts for your system. The Azure Monitor service collects and aggregates metrics and logs from every component of your system. Azure Monitor provides you with a view of availability",2026-02-03T23:16:00.000Z,concept-article,configuration,0.8,True,"Details which metrics/logs are emitted, how to enable them, and where they go. Includes tables of metric names and categories, which are product-specific monitoring configuration details.",unchanged
https://learn.microsoft.com/en-us/azure/storage/files/storage-files-monitoring-reference,Monitoring Files data reference,Monitoring data reference for Azure Files,Reference for Azure Files monitoring metrics and logs,This article contains important reference material you need when you monitor Azure Files.,This article contains all the monitoring reference information for this service. SeeMonitor Azure Filesfor details on the data you can collect for Azure Files and how to use it.,2026-02-03T23:16:00.000Z,reference,configuration,0.85,True,"Explicit monitoring data reference with tables of metric names, dimensions, log categories, and schemas. This is detailed configuration/reference information for monitoring.",unchanged
https://learn.microsoft.com/en-us/azure/storage/files/storage-files-netapp-comparison,Azure Files and Azure NetApp Files comparison,Azure Files and Azure NetApp Files comparison,Decide between Azure Files and Azure NetApp Files,"Compare the scalability, performance, and features of Azure Files and Azure NetApp Files.","This article provides a comparison of Azure Files and Azure NetApp Files. Most workloads that require cloud file storage work well on either Azure Files or Azure NetApp Files. To help determine the best fit for your workload, review the information provided in this article. For more information, see theAzure FilesandAzure NetApp Filesdocumentation and theShared storage for all enterprise file-workloadssession which covers choosing between Azure Files and Azure NetApp Files.",2026-02-18T10:58:00.000Z,concept-article,decision-making,0.85,True,"Direct comparison of Azure Files vs Azure NetApp Files with scalability, performance, and feature differences. Likely includes comparison tables and scenario-based recommendations, fitting decision-making.",unchanged
https://learn.microsoft.com/en-us/azure/storage/files/storage-files-networking-dns,Configure DNS forwarding for Azure Files,Configure DNS forwarding for Azure Files,Configure DNS forwarding to Azure Files private endpoints,Learn how to configure DNS forwarding for Azure Files to properly resolve the fully qualified domain name (FQDN) of your storage account to your private endpoint's IP address.,"✔️Applies to:All Azure file shares Azure Files enables you to create private endpoints for the storage accounts containing your file shares. Although useful for many different applications, private endpoints are especially useful for connecting to your Azure file shares from your on-premises network using a VPN or ExpressRoute connection using private-peering. In order for connections to your storage account to go over your network tunnel, the fully qualified domain name (FQDN) of your storage a",2024-09-09T08:00:00.000Z,how-to,configuration,0.8,True,"Contains DNS zone names, record patterns, and forwarding rules required for Azure Files private endpoints. These are precise configuration details (FQDN formats, record types) that qualify as expert configuration knowledge.",unchanged
https://learn.microsoft.com/en-us/azure/storage/files/storage-files-networking-endpoints,Configure Azure Files network endpoints,Configure Azure Files Network Endpoints,Configure public and private endpoints for Azure Files,Learn how to configure public and private network endpoints for Server Message Block (SMB) and Network File System (NFS) Azure file shares. Restrict access by setting up a privatelink.,"✔️Applies to:Classic file shares created with the Microsoft.Storage resource provider ✖️Doesn't apply to:File shares created with the Microsoft.FileShares resource provider (preview) Azure Files provides two main types of endpoints for accessing Azure file shares: Public and private endpoints exist on the Azure storage account. A storage account is a management construct that represents a shared pool of storage in which you can deploy multiple file shares, as well as other storage resources, suc",2024-05-10T08:00:00.000Z,how-to,configuration,0.8,True,"Explains configuring SMB/NFS endpoints, including private link and access restrictions on storage accounts; includes product-specific endpoint settings and behaviors.",unchanged
https://learn.microsoft.com/en-us/azure/storage/files/storage-files-networking-overview,Networking considerations for direct access,Networking Considerations for Azure Files,Configure networking and security for Azure Files,"An overview of networking considerations and options for Azure Files, including secure transfer, public and private endpoints, VPN, ExpressRoute, DNS, and firewall settings.","✔️Applies to:All Azure file shares You can access your Azure file shares over the public internet accessible endpoint, over one or more private endpoints on your network(s), or by caching your Azure file share on-premises with Azure File Sync (SMB file shares only). This article focuses on how to configure Azure Files for direct access over public and/or private endpoints. To learn how to cache your Azure file share on-premises with Azure File Sync, seeIntroduction to Azure File Sync. We recomme",2025-07-02T08:00:00.000Z,overview,configuration,0.75,True,"Details networking options (public/private endpoints, VPN, ExpressRoute, DNS, firewall) and recommended secure configurations; product-specific networking configuration guidance.",unchanged
https://learn.microsoft.com/en-us/azure/storage/files/storage-files-planning,Plan for an Azure Files deployment,Plan for an Azure Files Deployment,Plan Azure Files deployment and access model,"Understand how to plan for an Azure Files deployment. You can either direct mount an SMB or NFS file share, or cache SMB file shares on-premises with Azure File Sync.","You can deployAzure Filesin two main ways: by directly mounting the serverless Azure file shares or by caching file shares on-premises using Azure File Sync. Deployment considerations differ based on which option you choose. Direct mount of an Azure file share: Because Azure Files provides either Server Message Block (SMB) or Network File System (NFS) access, you can mount Azure file shares on-premises or in the cloud using the standard SMB or NFS clients available in your OS. Because Azure file",2025-09-18T08:00:00.000Z,concept-article,decision-making,0.7,True,Planning guide comparing direct mount vs Azure File Sync with deployment considerations; helps choose deployment approach and includes scenario-based guidance beyond generic concepts.,unchanged
https://learn.microsoft.com/en-us/azure/storage/files/storage-files-prevent-file-share-deletion,File share soft delete,Azure file share soft delete,Configure and use Azure Files soft delete,Learn about soft delete for Azure Files and how you can use it for data recovery and preventing accidental deletion of Azure file shares.,"Azure Files offers soft delete, which allows you to recover your file share if you mistakenly deleted it.",2025-04-11T22:03:00.000Z,concept-article,configuration,0.65,True,"Soft delete behavior and configuration typically include retention period settings and constraints. This article is likely to contain specific parameters and allowed ranges, which are expert configuration details.",unchanged
https://learn.microsoft.com/en-us/azure/storage/files/storage-files-scale-targets,Scalability and performance targets,Azure Files scalability and performance targets,"Azure Files scalability, IOPS, and throughput limits","Learn about the scalability and performance targets for Azure Files, including file share storage, IOPS, and throughput.","Azure Filesoffers fully managed file shares in the cloud that are accessible via SMB and NFS file sharing protocols. This article discusses the scalability and performance targets for Azure Files. In addition to the limits set by Azure Files, other variables in your deployment can affect the targets listed in this article. You should test your usage pattern to determine whether the scalability and performance of Azure Files meet your requirements. In Azure, aresourceis a manageable item that you",2025-09-09T05:11:00.000Z,concept-article,limits-quotas,0.9,True,"Explicitly a limits/targets article; contains tables of maximum share size, IOPS, throughput per share/account, and other numeric constraints that are expert knowledge.",unchanged
https://learn.microsoft.com/en-us/azure/storage/files/storage-how-to-use-files-linux,Mount SMB file share on Linux,Mount SMB Azure File Share on Linux,Mount SMB Azure file shares on Linux securely,Learn how to mount an Azure file share over SMB on Linux and review SMB security considerations on Linux clients.,Azure file shares can be mounted in Linux distributions using theSMB kernel client. This article shows how to mount an SMB Azure file share using NTLMv2 authentication (storage account key). Using identity-based authentication is preferred for security reasons. SeeEnable Active Directory authentication over SMB for Linux clients accessing Azure Files.,2025-09-22T17:18:00.000Z,how-to,configuration,0.7,True,Shows how to mount using the SMB kernel client with NTLMv2 and discusses security considerations; includes mount options and parameters specific to Azure Files.,unchanged
https://learn.microsoft.com/en-us/azure/storage/files/storage-how-to-use-files-mac,Mount SMB file share on macOS,Mount an Azure file share on macOS,Mount Azure file shares over SMB on macOS,Learn how to mount an Azure file share over SMB with macOS using Finder or Terminal.,"Azure Filesis Microsoft's easy-to-use cloud file system. Azure file shares can be mounted with the industry standard SMB 3 protocol by macOS High Sierra 10.13+. Warning Mounting a file share using storage account keys carries inherent security risks. For information on how to protect and manage your keys, seeManage storage account access keys. Azure Files doesn't currently support using identity-based authentication to mount a file share on macOS.",2025-04-11T22:03:00.000Z,how-to,configuration,0.7,True,Provides Finder/Terminal mounting steps and notes on supported macOS versions and auth limitations; product-specific client configuration guidance.,unchanged
https://learn.microsoft.com/en-us/azure/storage/files/storage-how-to-use-files-windows,Mount SMB file share on Windows,Mount SMB Azure File Share on Windows,Mount SMB Azure file shares on Windows,Learn how to mount an SMB Azure file share on Windows and Windows Server. Use Azure file shares with SMB 3.x on Windows installations running on-premises or on Azure VMs.,"Applies to:✔️ SMB Azure file shares Azure Filesis Microsoft's easy-to-use cloud file system. This article shows you how to mount an SMB Azure file share on Windows and Windows Server. Azure Files supportsSMB Multichannelon SSD file shares only. 1Regular Microsoft support for Windows Server 2012 and Windows Server 2012 R2 has ended. It's possible to purchase additional support for security updates only through theExtended Security Update (ESU) program. 2Microsoft support for Windows 7, Windows 8,",2025-11-07T05:43:00.000Z,how-to,configuration,0.7,True,Provides OS-specific mounting instructions and likely includes mount command parameters and supported versions; product-specific configuration details for Windows clients.,unchanged
https://learn.microsoft.com/en-us/azure/storage/files/storage-java-how-to-use-file-storage,Java,Develop for Azure Files with Java,Develop Java applications using Azure Files SDKs,"Learn how to develop Java applications and services that use Azure Files to store file data. Create and delete files, file shares, and directories.","Learn how to develop Java applications that use Azure Files to store data. Azure Files is a managed file share service in the cloud. It provides fully managed file shares that are accessible via the industry standard Server Message Block (SMB) and Network File System (NFS) protocols. Azure Files also provides a REST API for programmatic access to file shares. In this article, you learn about the different approaches to developing with Azure Files in Java, and how to choose the approach that best",2025-04-08T22:02:00.000Z,how-to,integrations,0.7,True,"Provides Azure Files Java SDK usage with specific classes, methods, and configuration options unique to this product, qualifying as integration/coding patterns.",unchanged
https://learn.microsoft.com/en-us/azure/storage/files/storage-python-how-to-use-file-storage,Python,Develop for Azure Files with Python - Azure Storage,Develop Python applications using Azure Files SDKs,"Learn how to develop Python applications and services that use Azure Files to store file data. Create and delete files, file shares, and directories.","Learn how to develop Python applications that use Azure Files to store data. Azure Files is a managed file share service in the cloud. It provides fully managed file shares that are accessible via the industry standard Server Message Block (SMB) and Network File System (NFS) protocols. Azure Files also provides a REST API for programmatic access to file shares. In this article, you learn about the different approaches to developing with Azure Files in Python, and how to choose the approach that ",2025-04-08T22:02:00.000Z,how-to,integrations,0.7,True,"Shows Python SDK patterns for Azure Files with concrete API calls and parameters, which are product-specific integration details.",unchanged
https://learn.microsoft.com/en-us/azure/storage/files/storage-snapshots-files,Share snapshots and restores,Use Azure Files Share Snapshots,Create and manage Azure Files share snapshots,"A share snapshot is a read-only, point-in-time copy of an Azure file share that you can use to recover previous versions of a file. Learn how to take snapshots using the Azure portal, Azure PowerShell","Azure Files provides the capability to take snapshots of SMB and NFS file shares. Share snapshots capture the share state at that point in time. This article describes the capabilities that file share snapshots provide and how you can use them to recover previous versions of files. Important Share snapshots provide only file-level protection. They don't prevent fat-finger deletions on a file share or storage account. To help protect a storage account from accidental deletion, you can eitherenabl",2025-12-18T08:00:00.000Z,how-to,configuration,0.65,True,"Operational guide for snapshots with Azure-specific commands and parameters (snapshot naming, limits per share). These are concrete configuration/usage details beyond generic snapshot concepts.",unchanged
https://learn.microsoft.com/en-us/azure/storage/files/understand-performance,Understand performance,Understand Azure Files performance,Optimize Azure Files performance for workloads,"Learn about the factors that can impact Azure file share performance such as IOPS, throughput, latency, and queue depth.",Azure Files can satisfy performance requirements for most applications and use cases. This article explains the different factors that can affect file share performance and how to optimize the performance of Azure file shares for your workload.,2026-02-03T08:00:00.000Z,concept-article,best-practices,0.7,True,"Explains performance factors (IOPS, throughput, queue depth) with Azure Files–specific tuning guidance and likely concrete thresholds or configuration suggestions, qualifying as product-specific best practices.",unchanged
https://learn.microsoft.com/en-us/azure/storage/files/understanding-billing,Understand billing,Understand Azure Files Billing,Understand and choose Azure Files billing models,"Learn how to interpret the provisioned and pay-as-you-go billing models for Azure Files. Understand total cost of ownership, storage reservations, and burst credits.","The cost of a deployment of Azure Files is determined by four key factors: billing model, media tier, redundancy, and resource model. Billing model: Azure Files supports three different billing models that shape the cost structure of an Azure Files deployment: Media tier: Azure Files supports two different media tiers of storage: solid state drives (SSD) and hard disk drives (HDD). This allows you to tailor your file shares to the performance and price requirements of your scenario. Redundancy: ",2025-09-09T22:10:00.000Z,concept-article,decision-making,0.8,True,"Explains provisioned vs pay-as-you-go, media tiers, redundancy, and resource models with cost/performance trade-offs. Helps select billing/tier options with quantified criteria, fitting decision-making.",unchanged
https://learn.microsoft.com/en-us/azure/storage/files/virtual-desktop-workloads,Virtual desktops,Use Azure Files for Virtual Desktop Workloads,Use Azure Files for virtual desktop and FSLogix profiles,"Learn how to use SMB Azure file shares for virtual desktop workloads, including FSLogix profile containers for Azure Virtual Desktop, and how to optimize scale and performance.","Azure Files provides fully managed, scalable SMB file shares that are an excellent fit for storing virtual desktop user profiles and disk images in the cloud.",2025-11-03T08:00:00.000Z,concept-article,best-practices,0.7,True,"Covers Azure Files usage patterns for AVD/FSLogix with scale and performance optimization guidance specific to this workload, including recommended configurations and limits.",unchanged
https://learn.microsoft.com/en-us/azure/storage/files/windows-server-to-azure-files,Replace Windows file servers with Azure File Sync,Replace Windows File Servers with Azure File Sync,Replace Windows file servers with Azure File Sync,Azure Files and Azure File Sync can be useful when replacing your on-premises Windows file servers or extending them into the cloud. Learn how you can use Azure storage services to increase flexibilit,"This article explains how you can use Azure Files and Azure File Sync to replace or extend your on-premises Windows file servers to reduce total cost of ownership (TCO), increase flexibility, and simplify data protection and access control. Azure Files has its origins in the Windows file server role, making it an excellent choice when migrating Windows file servers to the cloud. Most customers take one of two deployment approaches:",2026-01-29T23:12:00.000Z,concept-article,decision-making,0.75,True,"Explains when and how to replace/extend Windows file servers using Azure Files and File Sync, including deployment approaches and TCO considerations; supports architectural decisions.",unchanged
https://learn.microsoft.com/en-us/azure/storage/files/zonal-placement,Zonal placement,Zonal Placement for Azure File Shares,Configure zonal placement for SSD Azure file shares,Learn to use zonal placement for Azure storage accounts so you can choose the specific availability zone for your SSD file shares.,"Zonal placement allows you to select the specific availability zone in which your Azure Files storage account resides. If desired, you can place your virtual machines (VMs) in the same zone to reduce latency between compute and storage. This feature is currently available only for SSD (premium) storage accounts usinglocally redundant storage (LRS)insupported regions. Note This article applies to classic Azure file shares only (Microsoft.Storage). Zonal placement isn't currently possible for file",2026-02-18T10:58:00.000Z,how-to,configuration,0.7,True,"Explains how to select availability zones for FileStorage accounts, including supported regions and constraints. Contains concrete configuration options and limitations unique to Azure Files.",unchanged
