url,toc_title,title,display_title,description,summary,updated_at,ms_topic,sub_skill_type,confidence,has_expert_knowledge,classification_reason
https://learn.microsoft.com/en-us/azure/governance/blueprints/concepts/deployment-stages,Stages of a blueprint deployment,Stages of a blueprint deployment - Azure Blueprints,,Learn the security and artifact-related steps the Azure Blueprints services goes through while creating a blueprint assignment.,"Important On July 11, 2026, Blueprints (Preview) will be deprecated. Migrate your existing blueprint definitions and assignments toTemplate SpecsandDeployment Stacks. Blueprint artifacts are to be converted to ARM JSON templates or Bicep files used to define deployment stacks. To learn how to author an artifact as an ARM resource, see: When a blueprint gets deployed, a series of actions is taken by the Azure Blueprints service to
deploy the resources defined in the blueprint. This article provid",2023-09-15T17:19:00.000Z,conceptual,,0.35,False,"Describes stages of blueprint deployment conceptually; summary does not indicate specific configuration parameters, limits, or error codes."
https://learn.microsoft.com/en-us/azure/governance/blueprints/concepts/lifecycle,Lifecycle of a blueprint,Understand the lifecycle of a blueprint - Azure Blueprints,,"Learn about the lifecycle that a blueprint definition goes through and details about each stage, including updating and removing blueprint assignments.","Important On July 11, 2026, Blueprints (Preview) will be deprecated. Migrate your existing blueprint definitions and assignments toTemplate SpecsandDeployment Stacks. Blueprint artifacts are to be converted to ARM JSON templates or Bicep files used to define deployment stacks. To learn how to author an artifact as an ARM resource, see: Like many resources within Azure, a blueprint in Azure Blueprints has a typical and natural
lifecycle. They're created, deployed, and finally deleted when no long",2023-09-07T08:00:00.000Z,conceptual,,0.3,False,"Conceptual explanation of blueprint lifecycle (create, deploy, delete); no evidence of numeric limits, configuration tables, or detailed role/permission lists."
https://learn.microsoft.com/en-us/azure/governance/blueprints/concepts/parameters,Dynamic parameters in a blueprint,Use parameters to creating dynamic blueprints - Azure Blueprints,,Learn about static and dynamic parameters and how to use them to create secure and dynamic blueprints.,"Important On July 11, 2026, Blueprints (Preview) will be deprecated. Migrate your existing blueprint definitions and assignments toTemplate SpecsandDeployment Stacks. Blueprint artifacts are to be converted to ARM JSON templates or Bicep files used to define deployment stacks. To learn how to author an artifact as an ARM resource, see: A fully defined blueprint with various artifacts such as resource groups, Azure Resource Manager
templates (ARM templates), policies, or role assignments, offers ",2023-09-07T08:00:00.000Z,conceptual,,0.35,False,Explains static and dynamic parameters conceptually; summary does not show concrete parameter tables with allowed values or defaults.
https://learn.microsoft.com/en-us/azure/governance/blueprints/concepts/resource-locking,Resource locking in Azure Blueprints,Understand resource locking - Azure Blueprints,Configure resource locking for Azure Blueprints assignments,Learn about the locking options in Azure Blueprints to protect resources when assigning a blueprint.,"Important On July 11, 2026, Blueprints (Preview) will be deprecated. Migrate your existing blueprint definitions and assignments toTemplate SpecsandDeployment Stacks. Blueprint artifacts are to be converted to ARM JSON templates or Bicep files used to define deployment stacks. To learn how to author an artifact as an ARM resource, see: The creation of consistent environments at scale is only truly valuable if there's a mechanism to
maintain that consistency. This article explains how resource lo",2023-12-05T08:00:00.000Z,conceptual,security,0.6,True,"Explains specific locking options for blueprint-assigned resources, which are product-specific security/guardrail settings beyond generic concepts."
https://learn.microsoft.com/en-us/azure/governance/blueprints/concepts/sequencing-order,Sequencing order of blueprint deployment,Understand the deployment sequence order - Azure Blueprints,,Learn about the default order that blueprint artifacts are deployed in during a blueprint assignment and how to customize the deployment order.,"Important On July 11, 2026, Blueprints (Preview) will be deprecated. Migrate your existing blueprint definitions and assignments toTemplate SpecsandDeployment Stacks. Blueprint artifacts are to be converted to ARM JSON templates or Bicep files used to define deployment stacks. To learn how to author an artifact as an ARM resource, see: Azure Blueprints uses asequencing orderto determine the order of resource creation when
processing the assignment of a blueprint definition. This article explains",2023-09-15T17:19:00.000Z,conceptual,,0.35,False,"Conceptual description of deployment sequencing order; no indication of numeric thresholds, configuration tables, or product-specific error mappings."
https://learn.microsoft.com/en-us/azure/governance/blueprints/create-blueprint-azurecli,Create a blueprint - Azure CLI,Quickstart: Create a blueprint with the Azure CLI - Azure Blueprints,,"In this quickstart, you use Azure Blueprints to create, define, and deploy artifacts by using the Azure CLI.","Important On July 11, 2026, Blueprints (Preview) will be deprecated. Migrate your existing blueprint definitions and assignments toTemplate SpecsandDeployment Stacks. Blueprint artifacts are to be converted to ARM JSON templates or Bicep files used to define deployment stacks. To learn how to author an artifact as an ARM resource, see: In this tutorial, you learn to use Azure Blueprints to do some of the common tasks related to creating, publishing, and assigning a blueprint within your organiza",2023-09-15T17:19:00.000Z,quickstart,,0.3,False,Quickstart for creating a blueprint with Azure CLI; focuses on example commands rather than exhaustive configuration options or expert-only details.
https://learn.microsoft.com/en-us/azure/governance/blueprints/create-blueprint-portal,Create a blueprint - Portal,Quickstart: Create a blueprint in the portal - Azure Blueprints,,"In this quickstart, you use Azure Blueprints to create, define, and deploy artifacts through the Azure portal.","Important On July 11, 2026, Blueprints (Preview) will be deprecated. Migrate your existing blueprint definitions and assignments toTemplate SpecsandDeployment Stacks. Blueprint artifacts are to be converted to ARM JSON templates or Bicep files used to define deployment stacks. To learn how to author an artifact as an ARM resource, see: In this tutorial, you learn to use Azure Blueprints to do some of the common tasks related to creating, publishing, and assigning a blueprint within your organiza",2023-09-07T08:00:00.000Z,quickstart,,0.3,False,"Quickstart tutorial for creating a blueprint in the portal; step-by-step guidance but no configuration parameter tables, limits, or product-specific troubleshooting mappings."
https://learn.microsoft.com/en-us/azure/governance/blueprints/create-blueprint-powershell,Create a blueprint - Azure PowerShell,Quickstart: Create a blueprint with PowerShell - Azure Blueprints,,"In this quickstart, you use Azure Blueprints to create, define, and deploy artifacts by using PowerShell.","Important On July 11, 2026, Blueprints (Preview) will be deprecated. Migrate your existing blueprint definitions and assignments toTemplate SpecsandDeployment Stacks. Blueprint artifacts are to be converted to ARM JSON templates or Bicep files used to define deployment stacks. To learn how to author an artifact as an ARM resource, see: In this tutorial, you learn to use Azure Blueprints to do some of the common tasks related to creating, publishing, and assigning a blueprint within your organiza",2023-09-07T08:00:00.000Z,quickstart,,0.3,False,"Quickstart for creating a blueprint with PowerShell; primarily walkthrough commands, not a reference of parameters, limits, or error mappings."
https://learn.microsoft.com/en-us/azure/governance/blueprints/create-blueprint-rest-api,Create a blueprint - REST API,Quickstart: Create a blueprint with REST API - Azure Blueprints,,"In this quickstart, you use Azure Blueprints to create, define, and deploy artifacts by using the REST API.","Important On July 11, 2026, Blueprints (Preview) will be deprecated. Migrate your existing blueprint definitions and assignments toTemplate SpecsandDeployment Stacks. Blueprint artifacts are to be converted to ARM JSON templates or Bicep files used to define deployment stacks. To learn how to author an artifact as an ARM resource, see: In this tutorial, you learn to use Azure Blueprints to do some of the common tasks related to creating, publishing, and assigning a blueprint within your organiza",2023-09-07T08:00:00.000Z,quickstart,,0.3,False,"Quickstart for creating a blueprint with REST API; appears to be a tutorial using example calls, not a full API parameter reference or troubleshooting guide."
https://learn.microsoft.com/en-us/azure/governance/blueprints/how-to/configure-for-blueprint-operator,Configure your environment for a Blueprint Operator,Set up your environment for Blueprint Operator - Azure Blueprints,Configure environment for Azure Blueprint Operator role,Learn how to configure your Azure environment for use with the Blueprint Operator Azure built-in role.,"Important On July 11, 2026, Blueprints (Preview) will be deprecated. Migrate your existing blueprint definitions and assignments toTemplate SpecsandDeployment Stacks. Blueprint artifacts are to be converted to ARM JSON templates or Bicep files used to define deployment stacks. To learn how to author an artifact as an ARM resource, see: The management of your blueprint definitions and blueprint assignments can be assigned to different
teams. It's common for an architect or governance team to be r",2023-09-15T17:19:00.000Z,how-to,security,0.75,True,"Focuses on setting up environment for the Blueprint Operator built-in role, involving specific RBAC role names, permissions, and security configuration steps."
https://learn.microsoft.com/en-us/azure/governance/blueprints/how-to/import-export-ps,Import and export with PowerShell,Import and export blueprints with PowerShell - Azure Blueprints,Import and export Azure Blueprints using PowerShell,"Learn how to work with your blueprint definitions as code. Share, source control, and manage them using the export and import commands.","Important On July 11, 2026, Blueprints (Preview) will be deprecated. Migrate your existing blueprint definitions and assignments toTemplate SpecsandDeployment Stacks. Blueprint artifacts are to be converted to ARM JSON templates or Bicep files used to define deployment stacks. To learn how to author an artifact as an ARM resource, see: Azure Blueprints can be fully managed through Azure portal. As organizations advance in their use of
Azure Blueprints, they should start thinking of blueprint def",2023-09-07T08:00:00.000Z,how-to,integrations,0.7,True,"Covers working with blueprint definitions as code via PowerShell, including specific commands and parameters for import/export that are product-specific."
https://learn.microsoft.com/en-us/azure/governance/blueprints/how-to/manage-assignments-ps,Manage assignments with PowerShell,How to manage assignments with PowerShell - Azure Blueprints,Manage Azure Blueprint assignments with PowerShell Az.Blueprint,"Learn how to manage blueprint assignments with the official Azure Blueprints PowerShell module, Az.Blueprint.","Important On July 11, 2026, Blueprints (Preview) will be deprecated. Migrate your existing blueprint definitions and assignments toTemplate SpecsandDeployment Stacks. Blueprint artifacts are to be converted to ARM JSON templates or Bicep files used to define deployment stacks. To learn how to author an artifact as an ARM resource, see: A blueprint assignment can be managed using theAz.BlueprintAzure PowerShell module. The module
supports fetching, creating, updating, and removing assignments. Th",2023-09-07T08:00:00.000Z,how-to,integrations,0.7,True,"How-to for managing assignments via Az.Blueprint module; likely includes specific cmdlets, parameters, and usage patterns unique to this product integration."
https://learn.microsoft.com/en-us/azure/governance/blueprints/how-to/update-existing-assignments,Update existing assignments from the portal,Update an existing assignment from the portal - Azure Blueprints,Update existing Azure Blueprint assignments in the portal,Learn about the mechanism for updating an existing blueprint assignment from the portal in Azure Blueprints.,"Important On July 11, 2026, Blueprints (Preview) will be deprecated. Migrate your existing blueprint definitions and assignments toTemplate SpecsandDeployment Stacks. Blueprint artifacts are to be converted to ARM JSON templates or Bicep files used to define deployment stacks. To learn how to author an artifact as an ARM resource, see: When a blueprint is assigned, the assignment can be updated. There are several reasons for updating
an existing assignment, including:",2023-09-15T17:19:00.000Z,how-to,configuration,0.6,True,"Describes mechanisms and options for updating assignments, likely including specific setting names and behaviors unique to Azure Blueprints configuration."
https://learn.microsoft.com/en-us/azure/governance/blueprints/overview,What is Azure Blueprints?,Overview of Azure Blueprints - Azure Blueprints,,"Understand how the Azure Blueprints service enables you to create, define, and deploy artifacts in your Azure environment.","Important On July 11, 2026, Blueprints (Preview) will be deprecated. Migrate your existing blueprint definitions and assignments toTemplate SpecsandDeployment Stacks. Blueprint artifacts are to be converted to ARM JSON templates or Bicep files used to define deployment stacks. To learn how to author an artifact as an ARM resource, see: Just as a blueprint allows an engineer or an architect to sketch a project's design parameters,
Azure Blueprints enables cloud architects and central information ",2023-09-07T08:00:00.000Z,overview,,0.2,False,"High-level overview of Azure Blueprints; conceptual description of service purpose and capabilities without detailed limits, configuration tables, or troubleshooting content."
https://learn.microsoft.com/en-us/azure/governance/blueprints/reference/blueprint-functions,Blueprint functions,Azure Blueprints functions - Azure Blueprints,Use Azure Blueprints functions in definitions and artifacts,Describes the functions available for use with blueprint artifacts in Azure Blueprints definitions and assignments.,"Important On July 11, 2026, Blueprints (Preview) will be deprecated. Migrate your existing blueprint definitions and assignments toTemplate SpecsandDeployment Stacks. Blueprint artifacts are to be converted to ARM JSON templates or Bicep files used to define deployment stacks. To learn how to author an artifact as an ARM resource, see: Azure Blueprints provides functions making a blueprint definition more dynamic. These functions are
for use with blueprint definitions and blueprint artifacts. An",2025-02-12T08:00:00.000Z,reference,configuration,0.8,True,"Reference for blueprint functions, including function names, parameters, and usage patterns that are product-specific configuration primitives."
https://learn.microsoft.com/en-us/azure/governance/blueprints/samples/,Index,Index of blueprint samples - Azure Blueprints,,"Index of compliance and standard samples for deploying environments, policies, and Cloud Adoptions Framework foundations with Azure Blueprints.","Important On July 11, 2026, Blueprints (Preview) will be deprecated. Migrate your existing blueprint definitions and assignments toTemplate SpecsandDeployment Stacks. Blueprint artifacts are to be converted to ARM JSON templates or Bicep files used to define deployment stacks. To learn how to author an artifact as an ARM resource, see: The following table includes links to samples for Azure Blueprints. Each sample is production
quality and ready to deploy today to assist you in meeting your vari",2023-09-15T17:19:00.000Z,sample,,0.2,False,"Index page listing blueprint samples; navigation content without in-depth technical details, limits, or configuration tables."
https://learn.microsoft.com/en-us/azure/governance/blueprints/samples/azure-security-benchmark-foundation/,Overview,Azure Security Benchmark Foundation blueprint sample overview - Azure Blueprints,,Overview and architecture of the Azure Security Benchmark Foundation blueprint sample.,"Important On July 11, 2026, Blueprints (Preview) will be deprecated. Migrate your existing blueprint definitions and assignments toTemplate SpecsandDeployment Stacks. Blueprint artifacts are to be converted to ARM JSON templates or Bicep files used to define deployment stacks. To learn how to author an artifact as an ARM resource, see: The Azure Security Benchmark Foundation blueprint sample provides a set of baseline infrastructure
patterns to help you build a secure and compliant Azure environ",2023-09-15T17:19:00.000Z,sample,,0.35,False,"Overview and architecture of Azure Security Benchmark Foundation blueprint sample; mostly describes patterns and intent, not detailed security configuration parameters or RBAC role mappings."
https://learn.microsoft.com/en-us/azure/governance/blueprints/samples/azure-security-benchmark-foundation/deploy,Steps to deploy,Deploy Azure Security Benchmark Foundation blueprint sample - Azure Blueprints,,Deploy steps for the Azure Security Benchmark Foundation blueprint sample including blueprint artifact parameter details.,"Important On July 11, 2026, Blueprints (Preview) will be deprecated. Migrate your existing blueprint definitions and assignments toTemplate SpecsandDeployment Stacks. Blueprint artifacts are to be converted to ARM JSON templates or Bicep files used to define deployment stacks. To learn how to author an artifact as an ARM resource, see: To deploy the Azure Security Benchmark Foundation blueprint sample, the following steps must be
taken: If you don't have an Azure subscription, create afree accou",2023-09-07T08:00:00.000Z,sample,,0.35,False,Deployment steps for the Azure Security Benchmark Foundation sample; appears to be a procedural guide without detailed parameter tables or security role definitions.
https://learn.microsoft.com/en-us/azure/governance/blueprints/samples/caf-foundation/,Overview,CAF Foundation blueprint sample overview - Azure Blueprints,,"Overview and architecture of the CAF Foundation blueprint sample, provided by the Microsoft Cloud Adoption Framework for Azure.","Important On July 11, 2026, Blueprints (Preview) will be deprecated. Migrate your existing blueprint definitions and assignments toTemplate SpecsandDeployment Stacks. Blueprint artifacts are to be converted to ARM JSON templates or Bicep files used to define deployment stacks. To learn how to author an artifact as an ARM resource, see: The CAF Foundation blueprint (provided by the Microsoft Cloud Adoption Framework for Azure) deploys a set of core infrastructure resources and policy controls req",2023-09-15T17:19:00.000Z,sample,,0.25,False,CAF Foundation blueprint overview and architecture; appears conceptual and architectural without specific configuration tables or limits.
https://learn.microsoft.com/en-us/azure/governance/blueprints/samples/caf-foundation/deploy,Steps to deploy,Deploy the CAF Foundation blueprint sample - Azure Blueprints,Deploy CAF Foundation blueprint sample in Azure,Deploy steps for the CAF Foundation blueprint sample including blueprint artifact parameter details.,"Important On July 11, 2026, Blueprints (Preview) will be deprecated. Migrate your existing blueprint definitions and assignments toTemplate SpecsandDeployment Stacks. Blueprint artifacts are to be converted to ARM JSON templates or Bicep files used to define deployment stacks. To learn how to author an artifact as an ARM resource, see: To deploy the CAF Foundation blueprint sample (provided by the Microsoft Cloud Adoption Framework for Azure), the
following steps must be taken: If you don't have",2023-09-07T08:00:00.000Z,sample,deployment,0.65,True,"Deployment steps plus artifact parameter details for CAF Foundation blueprint; these are concrete, product-specific deployment constraints and parameters."
https://learn.microsoft.com/en-us/azure/governance/blueprints/samples/caf-migrate-landing-zone/,Overview,CAF Migration landing zone blueprint sample overview - Azure Blueprints,,"Overview and architecture of the CAF Migration landing zone blueprint sample, provided by the Microsoft Cloud Adoption Framework for Azure.","Important On July 11, 2026, Blueprints (Preview) will be deprecated. Migrate your existing blueprint definitions and assignments toTemplate SpecsandDeployment Stacks. Blueprint artifacts are to be converted to ARM JSON templates or Bicep files used to define deployment stacks. To learn how to author an artifact as an ARM resource, see: The CAF Migration landing zone blueprint (provided by the Microsoft Cloud Adoption Framework for Azure) is a set of infrastructure to help you set up for migratin",2024-06-13T22:17:00.000Z,sample,,0.25,False,"CAF Migration landing zone blueprint overview; summary indicates high-level architecture and purpose, not detailed configuration or deployment matrices."
https://learn.microsoft.com/en-us/azure/governance/blueprints/samples/caf-migrate-landing-zone/deploy,Steps to deploy,Deploy CAF Migration landing zone blueprint sample - Azure Blueprints,Deploy CAF Migration landing zone blueprint sample,Deploy steps for the CAF Migration landing zone blueprint sample including blueprint artifact parameter details.,"Important On July 11, 2026, Blueprints (Preview) will be deprecated. Migrate your existing blueprint definitions and assignments toTemplate SpecsandDeployment Stacks. Blueprint artifacts are to be converted to ARM JSON templates or Bicep files used to define deployment stacks. To learn how to author an artifact as an ARM resource, see: To deploy the Azure Blueprints CAF Migration landing zone blueprint sample, the following steps must
be taken: If you don't have an Azure subscription, create afr",2023-09-15T17:19:00.000Z,sample,deployment,0.65,True,"Provides specific deployment steps and artifact parameter details for the CAF Migration landing zone blueprint, which are product-specific deployment instructions."
https://learn.microsoft.com/en-us/azure/governance/blueprints/samples/canada-federal-pbmm,Canada Federal PBMM,Canada Federal PBMM blueprint sample - Azure Blueprints,,Overview of the Canada Federal PBMM blueprint sample. This blueprint sample helps customers assess specific controls.,"Important On July 11, 2026, Blueprints (Preview) will be deprecated. Migrate your existing blueprint definitions and assignments toTemplate SpecsandDeployment Stacks. Blueprint artifacts are to be converted to ARM JSON templates or Bicep files used to define deployment stacks. To learn how to author an artifact as an ARM resource, see: The Canada Federal PBMM blueprint sample provides governance guardrails usingAzure Policythat help you assess specificCanada Federal PBMMcontrols. This blueprint ",2023-09-07T08:00:00.000Z,sample,,0.35,False,Overview of Canada Federal PBMM blueprint sample; describes governance guardrails and controls at a high level without detailed mappings or configuration parameters.
https://learn.microsoft.com/en-us/azure/governance/blueprints/samples/ism-protected/,Overview,Australian Government ISM PROTECTED blueprint sample overview - Azure Blueprints,,Overview of the Australian Government ISM PROTECTED blueprint sample. This blueprint sample helps customers assess specific ISM PROTECTED controls.,"Important On July 11, 2026, Blueprints (Preview) will be deprecated. Migrate your existing blueprint definitions and assignments toTemplate SpecsandDeployment Stacks. Blueprint artifacts are to be converted to ARM JSON templates or Bicep files used to define deployment stacks. To learn how to author an artifact as an ARM resource, see: ISM Governance blueprint sample provides a set of governance guardrails usingAzure Policywhich help toward ISM PROTECTED attestation (Feb 2020
version). This Blue",2023-09-15T17:19:00.000Z,sample,,0.35,False,"Overview of Australian Government ISM PROTECTED blueprint sample; describes governance guardrails conceptually, not detailed control mappings or configuration values."
https://learn.microsoft.com/en-us/azure/governance/blueprints/samples/ism-protected/control-mapping,Control mapping,Australian Government ISM PROTECTED blueprint sample controls - Azure Blueprints,Map ISM PROTECTED controls to Azure Policy,Control mapping of the Australian Government ISM PROTECTED blueprint sample. Each control is mapped to one or more Azure Policy definitions that assist with assessment.,"Important On July 11, 2026, Blueprints (Preview) will be deprecated. Migrate your existing blueprint definitions and assignments toTemplate SpecsandDeployment Stacks. Blueprint artifacts are to be converted to ARM JSON templates or Bicep files used to define deployment stacks. To learn how to author an artifact as an ARM resource, see: The following article details how the Azure Blueprints Australian Government ISM PROTECTED blueprint
sample maps to the ISM PROTECTED controls. For more informati",2023-09-07T08:00:00.000Z,sample,security,0.7,True,"Control-mapping article that ties specific ISM PROTECTED controls to concrete Azure Policy definitions; this is product-specific security configuration knowledge not generally known, and directly supports compliance-focused security configuration."
https://learn.microsoft.com/en-us/azure/governance/blueprints/samples/ism-protected/deploy,Steps to deploy,Deploy Australian Government ISM PROTECTED blueprint sample - Azure Blueprints,,Deploy steps for the Australian Government ISM PROTECTED blueprint sample including blueprint artifact parameter details.,"Important On July 11, 2026, Blueprints (Preview) will be deprecated. Migrate your existing blueprint definitions and assignments toTemplate SpecsandDeployment Stacks. Blueprint artifacts are to be converted to ARM JSON templates or Bicep files used to define deployment stacks. To learn how to author an artifact as an ARM resource, see: To deploy the Azure Blueprints ISM PROTECTED blueprint sample, the following steps must be taken: If you don't have an Azure subscription, create afree accountbef",2023-09-07T08:00:00.000Z,sample,,0.35,False,"Deployment steps for the ISM PROTECTED blueprint sample; primarily procedural with subscription setup and assignment steps, not detailed security configuration or troubleshooting."
https://learn.microsoft.com/en-us/azure/governance/blueprints/samples/iso-27001-2013,ISO 27001,ISO 27001 blueprint sample overview - Azure Blueprints,,Overview of the ISO 27001 blueprint sample. This blueprint sample helps customers assess specific ISO 27001 controls.,"Important On July 11, 2026, Blueprints (Preview) will be deprecated. Migrate your existing blueprint definitions and assignments toTemplate SpecsandDeployment Stacks. Blueprint artifacts are to be converted to ARM JSON templates or Bicep files used to define deployment stacks. To learn how to author an artifact as an ARM resource, see: The ISO 27001 blueprint sample provides governance guardrails usingAzure Policythat help you assess specific ISO 27001 controls. This
blueprint helps customers de",2023-09-07T08:00:00.000Z,sample,,0.35,False,"Overview of ISO 27001 blueprint sample; focuses on purpose and benefits for assessing controls, not detailed control mappings or security configuration specifics."
https://learn.microsoft.com/en-us/azure/governance/blueprints/samples/iso27001-ase-sql-workload/,Overview,ISO 27001 ASE/SQL workload blueprint sample overview - Azure Blueprints,,Overview and architecture of the ISO 27001 App Service Environment/SQL Database workload blueprint sample.,"Important On July 11, 2026, Blueprints (Preview) will be deprecated. Migrate your existing blueprint definitions and assignments toTemplate SpecsandDeployment Stacks. Blueprint artifacts are to be converted to ARM JSON templates or Bicep files used to define deployment stacks. To learn how to author an artifact as an ARM resource, see: The ISO 27001 App Service Environment/SQL Database workload blueprint sample provides additional
infrastructure to theISO 27001 Shared Servicesblueprint sample.
T",2023-09-15T17:19:00.000Z,sample,,0.4,False,"Overview and architecture of ISO 27001 ASE/SQL workload blueprint sample; describes additional infrastructure patterns conceptually, not detailed configuration or control mappings."
https://learn.microsoft.com/en-us/azure/governance/blueprints/samples/iso27001-ase-sql-workload/control-mapping,Control mapping,ISO 27001 ASE/SQL workload blueprint sample controls - Azure Blueprints,Map ISO 27001 ASE/SQL controls to Azure Policy,Control mapping of the ISO 27001 App Service Environment/SQL Database workload blueprint sample to Azure Policy and Azure RBAC.,"Important On July 11, 2026, Blueprints (Preview) will be deprecated. Migrate your existing blueprint definitions and assignments toTemplate SpecsandDeployment Stacks. Blueprint artifacts are to be converted to ARM JSON templates or Bicep files used to define deployment stacks. To learn how to author an artifact as an ARM resource, see: The following article details how the Azure Blueprints ISO 27001 ASE/SQL Workload blueprint sample
maps to the ISO 27001 controls. The following mappings are to t",2023-09-07T08:00:00.000Z,sample,security,0.75,True,Control-mapping article linking ISO 27001 ASE/SQL workload controls to specific Azure Policy and Azure RBAC definitions; contains product-specific security and access configuration details that qualify as expert knowledge.
https://learn.microsoft.com/en-us/azure/governance/blueprints/samples/iso27001-ase-sql-workload/deploy,Steps to deploy,Deploy ISO 27001 ASE/SQL workload blueprint sample - Azure Blueprints,Deploy ISO 27001 ASE/SQL blueprint sample in Azure,Deploy steps of the ISO 27001 App Service Environment/SQL Database workload blueprint sample including blueprint artifact parameter details.,"Important On July 11, 2026, Blueprints (Preview) will be deprecated. Migrate your existing blueprint definitions and assignments toTemplate SpecsandDeployment Stacks. Blueprint artifacts are to be converted to ARM JSON templates or Bicep files used to define deployment stacks. To learn how to author an artifact as an ARM resource, see: To deploy the Azure Blueprints ISO 27001 App Service Environment/SQL Database workload blueprint
sample, the following steps must be taken: If you don't have an A",2023-09-07T08:00:00.000Z,sample,deployment,0.65,True,"Deployment-focused page for a specific blueprint sample that includes artifact parameter details and concrete deployment steps unique to Azure Blueprints, which are product-specific and not generally known."
https://learn.microsoft.com/en-us/azure/governance/blueprints/samples/iso27001-shared/,Overview,ISO 27001 Shared Services blueprint sample overview - Azure Blueprints,,Overview and architecture of the ISO 27001 Shared Services blueprint sample. This blueprint sample helps customers assess specific ISO 27001 controls.,"Important On July 11, 2026, Blueprints (Preview) will be deprecated. Migrate your existing blueprint definitions and assignments toTemplate SpecsandDeployment Stacks. Blueprint artifacts are to be converted to ARM JSON templates or Bicep files used to define deployment stacks. To learn how to author an artifact as an ARM resource, see: The ISO 27001 Shared Services blueprint sample provides a set of compliant infrastructure patterns
and policy guardrails that help toward ISO 27001 attestation. T",2023-09-15T17:19:00.000Z,sample,,0.4,False,Overview and architecture of ISO 27001 Shared Services blueprint sample; describes compliant infrastructure patterns but not in the form of detailed configuration or control-mapping tables.
https://learn.microsoft.com/en-us/azure/governance/blueprints/samples/iso27001-shared/control-mapping,Control mapping,ISO 27001 Shared Services blueprint sample controls - Azure Blueprints,Map ISO 27001 Shared Services controls to Azure,Control mapping of the ISO 27001 Shared Services blueprint sample. Each control is mapped to one or more Azure Policy definitions that assist with assessment.,"Important On July 11, 2026, Blueprints (Preview) will be deprecated. Migrate your existing blueprint definitions and assignments toTemplate SpecsandDeployment Stacks. Blueprint artifacts are to be converted to ARM JSON templates or Bicep files used to define deployment stacks. To learn how to author an artifact as an ARM resource, see: The following article details how the Azure Blueprints ISO 27001 Shared Services blueprint sample
maps to the ISO 27001 controls. The following mappings are to th",2023-09-07T08:00:00.000Z,sample,security,0.75,True,Provides detailed mapping from ISO 27001 controls to specific Azure Policy definitions; this is product-specific security/compliance configuration knowledge that an LLM would not reliably know from training.
https://learn.microsoft.com/en-us/azure/governance/blueprints/samples/iso27001-shared/deploy,Steps to deploy,Deploy ISO 27001 Shared Services blueprint sample - Azure Blueprints,,Deploy steps for the ISO 27001 Shared Services blueprint sample including blueprint artifact parameter details.,"Important On July 11, 2026, Blueprints (Preview) will be deprecated. Migrate your existing blueprint definitions and assignments toTemplate SpecsandDeployment Stacks. Blueprint artifacts are to be converted to ARM JSON templates or Bicep files used to define deployment stacks. To learn how to author an artifact as an ARM resource, see: To deploy the Azure Blueprints ISO 27001 Shared Services blueprint sample, the following steps must
be taken: If you don't have an Azure subscription, create afre",2023-09-15T17:19:00.000Z,sample,,0.35,False,Deployment steps for ISO 27001 Shared Services blueprint sample; procedural deployment guidance without extensive configuration parameter tables or security role definitions.
https://learn.microsoft.com/en-us/azure/governance/blueprints/samples/swift-2020/,Overview,SWIFT CSP-CSCF v2020 blueprint sample overview - Azure Blueprints,,Overview of the SWIFT CSP-CSCF v2020 blueprint sample. This blueprint sample helps customers assess specific SWIFT CSP-CSCF controls.,"The SWIFT CSP-CSCF v2020 blueprint sample provides governance guardrails usingAzure Policythat help you assess specific SWIFT CSP controls. This
blueprint helps customers deploy a core set of policies for any Azure-deployed architecture that
must implement SWIFT CSP controls.",2023-09-07T08:00:00.000Z,sample,,0.2,False,"High-level overview of a blueprint sample and its purpose; no indication of detailed parameters, limits, or configuration tables."
https://learn.microsoft.com/en-us/azure/governance/blueprints/samples/swift-2020/control-mapping,Control mapping,SWIFT CSP-CSCF v2020 blueprint sample controls - Azure Blueprints,Map SWIFT CSP-CSCF 2020 controls to Azure policies,Control mapping of the SWIFT CSP-CSCF v2020 blueprint sample. Each control is mapped to one or more Azure Policy definitions that assist with assessment.,"The following article details how the Azure Blueprints SWIFT CSP-CSCF v2020 blueprint sample maps to
the SWIFT CSP-CSCF v2020 controls. For more information about the controls, seeSWIFT CSP-CSCF v2020. The following mappings are to theSWIFT CSP-CSCF v2020controls. Use the navigation on the right
to jump directly to a specific control mapping. Many of the mapped controls are implemented with anAzure Policyinitiative. To review the complete initiative, openPolicyin the Azure portal and select theD",2023-09-07T08:00:00.000Z,sample,security,0.7,True,"Provides detailed control-to-Azure Policy mappings for SWIFT CSP-CSCF v2020, which is product- and standard-specific security guidance not derivable from general training."
https://learn.microsoft.com/en-us/azure/governance/blueprints/samples/swift-2020/deploy,Steps to deploy,Deploy SWIFT CSP-CSCF v2020 blueprint sample - Azure Blueprints,Deploy SWIFT CSP-CSCF 2020 blueprint sample,Deploy steps for the SWIFT CSP-CSCF v2020 blueprint sample including blueprint artifact parameter details.,"To deploy the Azure Blueprints SWIFT CSP-CSCF v2020 blueprint sample, the following steps must
be taken: If you don't have an Azure subscription, create afree accountbefore you begin.",2023-09-07T08:00:00.000Z,sample,deployment,0.65,True,"Describes concrete deployment steps and artifact parameter details for a specific SWIFT blueprint sample, which are product-specific deployment details."
https://learn.microsoft.com/en-us/azure/governance/blueprints/samples/ukofficial-uknhs,UK OFFICIAL and UK NHS,UK OFFICIAL and UK NHS blueprint sample - Azure Blueprints,,Overview of the UK OFFICIAL and UK NHS blueprint sample. This blueprint sample helps customers assess specific controls.,"Important On July 11, 2026, Blueprints (Preview) will be deprecated. Migrate your existing blueprint definitions and assignments toTemplate SpecsandDeployment Stacks. Blueprint artifacts are to be converted to ARM JSON templates or Bicep files used to define deployment stacks. To learn how to author an artifact as an ARM resource, see: The UK OFFICIAL and UK NHS blueprint sample provides governance guardrails usingAzure Policythat help you assess specificUK OFFICIAL and UK NHScontrols. This blue",2023-09-07T08:00:00.000Z,sample,,0.25,False,Overview of UK OFFICIAL/UK NHS blueprint sample; summary suggests conceptual description of guardrails without detailed parameters or configuration tables.
https://learn.microsoft.com/en-us/azure/governance/blueprints/troubleshoot/general,Troubleshoot,Troubleshoot common errors - Azure Blueprints,Troubleshoot common Azure Blueprints errors and failures,"Learn how to troubleshoot issues creating, assigning, and removing blueprints such as policy violations and blueprint parameter functions.","Important On July 11, 2026, Blueprints (Preview) will be deprecated. Migrate your existing blueprint definitions and assignments toTemplate SpecsandDeployment Stacks. Blueprint artifacts are to be converted to ARM JSON templates or Bicep files used to define deployment stacks. To learn how to author an artifact as an ARM resource, see: You may run into errors when creating, assigning, or removing blueprints. This article describes
various errors that may occur and how to resolve them.",2023-09-15T17:19:00.000Z,troubleshooting,troubleshooting,0.85,True,"Explicit troubleshooting article that describes various errors when creating/assigning/removing blueprints and how to resolve them, likely including specific error messages and resolutions."
https://learn.microsoft.com/en-us/azure/governance/blueprints/tutorials/create-from-sample,Create from a blueprint sample,Tutorial: Blueprint sample to new environment - Azure Blueprints,,"In this tutorial, you use a blueprint sample to create a blueprint definition that sets up two resource groups and configures a role assignment for each.","Important On July 11, 2026, Blueprints (Preview) will be deprecated. Migrate your existing blueprint definitions and assignments toTemplate SpecsandDeployment Stacks. Blueprint artifacts are to be converted to ARM JSON templates or Bicep files used to define deployment stacks. To learn how to author an artifact as an ARM resource, see: Sample blueprints provide examples of what can be done using Azure Blueprints. Each is a sample with
a specific intent or purpose, but doesn't create a complete e",2023-09-07T08:00:00.000Z,tutorial,,0.3,False,Tutorial using a sample blueprint to set up resource groups and role assignments; scenario-based walkthrough without detailed configuration matrices or limits.
https://learn.microsoft.com/en-us/azure/governance/blueprints/tutorials/protect-new-resources,Protect new resources with blueprint resource locks,Tutorial: Protect new resources with locks - Azure Blueprints,,"In this tutorial, you use the Azure Blueprints resource locks options Read Only and Do Not Delete to protect newly deployed resources.","Important On July 11, 2026, Blueprints (Preview) will be deprecated. Migrate your existing blueprint definitions and assignments toTemplate SpecsandDeployment Stacks. Blueprint artifacts are to be converted to ARM JSON templates or Bicep files used to define deployment stacks. To learn how to author an artifact as an ARM resource, see: With Azure Blueprintsresource locks, you can protect newly
deployed resources from being tampered with, even by an account with theOwnerrole. You can add
this pro",2023-09-07T08:00:00.000Z,tutorial,,0.3,False,"Tutorial on using blueprint resource locks; explains Read Only and Do Not Delete in context of a scenario, but not as a detailed configuration or security reference."
https://learn.microsoft.com/en-us/azure/governance/management-groups/azure-management,Azure Management,Azure Management Overview - Azure Governance - Azure governance,,Overview of the areas of management for Azure applications and resources with links to content on Azure management tools.,"Governance in Azure is one aspect of Azure Management. This article covers the different areas of
management for deploying and maintaining your resources in Azure. Management refers to the tasks and processes required to maintain your business applications and the
resources that support them. Azure has many services and tools that work together to provide
complete management. These services aren't only for resources in Azure, but also in other clouds and
on-premises. Understanding the different ",2024-01-10T23:11:00.000Z,overview,,0.2,False,"High-level overview of Azure management areas and tools; no detailed limits, configuration tables, error codes, or product-specific decision matrices."
https://learn.microsoft.com/en-us/azure/governance/management-groups/create-management-group-azure-cli,Create a management group - Azure CLI,Quickstart: Create a management group with the Azure CLI - Azure governance,,"In this quickstart, you use the Azure CLI to create a management group to organize your resources into a resource hierarchy.","Management groups are containers that help you manage access, policy, and compliance across multiple
subscriptions. Create these containers to build an effective and efficient hierarchy that can be
used withAzure PolicyandAzure Role Based Access
Controls. For more information on management groups,
seeOrganize your resources with Azure management groups. The first management group created in the directory could take up to 15 minutes to complete. There
are processes that run the first time to set ",2024-09-03T22:09:00.000Z,quickstart,,0.4,False,"Quickstart using Azure CLI to create a management group; contains basic CLI usage but no detailed configuration tables, limits, or troubleshooting error mappings."
https://learn.microsoft.com/en-us/azure/governance/management-groups/create-management-group-dotnet,Create a management group - .NET,Quickstart: Create a management group with .NET Core - Azure governance,,"In this quickstart, you use .NET Core to create a management group to organize your resources into a resource hierarchy.","Management groups are containers that help you manage access, policy, and compliance across multiple
subscriptions. Create these containers to build an effective and efficient hierarchy that can be
used withAzure PolicyandAzure Role Based Access
Controls. For more information on management groups,
seeOrganize your resources with Azure management groups. The first management group created in the directory could take up to 15 minutes to complete. There
are processes that run the first time to set ",2021-08-17T22:03:00.000Z,quickstart,,0.4,False,Quickstart using .NET Core SDK to create a management group; shows basic SDK calls but not detailed configuration parameters or edge-case guidance.
https://learn.microsoft.com/en-us/azure/governance/management-groups/create-management-group-go,Create a management group - Go,Quickstart: Create a management group with Go - Azure governance,,"In this quickstart, you use Go to create a management group to organize your resources into a resource hierarchy.","Management groups are containers that help you manage access, policy, and compliance across multiple
subscriptions. Create these containers to build an effective and efficient hierarchy that can be
used withAzure PolicyandAzure Role Based Access
Controls. For more information on management groups,
seeOrganize your resources with Azure management groups. The first management group created in the directory could take up to 15 minutes to complete. There
are processes that run the first time to set ",2024-09-03T22:09:00.000Z,quickstart,,0.4,False,"Quickstart using Go SDK to create a management group; tutorial-style code without parameter tables, limits, or troubleshooting content."
https://learn.microsoft.com/en-us/azure/governance/management-groups/create-management-group-javascript,Create a management group - JavaScript,Quickstart: Create a management group with JavaScript - Azure governance,,"In this quickstart, you use JavaScript to create a management group to organize your resources into a resource hierarchy.","Management groups are containers that help you manage access, policy, and compliance across multiple
subscriptions. Create these containers to build an effective and efficient hierarchy that can be
used withAzure PolicyandAzure Role Based Access
Controls. For more information on management groups,
seeOrganize your resources with Azure management groups. The first management group created in the directory could take up to 15 minutes to complete. There
are processes that run the first time to set ",2024-09-03T22:09:00.000Z,quickstart,,0.4,False,"Quickstart using JavaScript SDK to create a management group; basic example code, no structured configuration options or expert troubleshooting mappings."
https://learn.microsoft.com/en-us/azure/governance/management-groups/create-management-group-portal,Create a management group - portal,Quickstart: Create a management group with portal - Azure governance,,"In this quickstart, you use Azure portal to create a management group to organize your resources into a resource hierarchy.","Management groups are containers that help you manage access, policy, and compliance across multiple
subscriptions. Create these containers to build an effective and efficient hierarchy that can be
used withAzure PolicyandAzure Role Based Access
Controls. For more information on management groups,
seeOrganize your resources with Azure management groups. The first management group created in the directory could take up to 15 minutes to complete. There
are processes that run the first time to set ",2024-09-03T22:09:00.000Z,quickstart,,0.4,False,"Quickstart for creating a management group in the portal; mostly step-by-step UI guidance. The mention that the first management group can take up to 15 minutes is a single timing note, not a structured limits/quotas or deployment matrix."
https://learn.microsoft.com/en-us/azure/governance/management-groups/create-management-group-powershell,Create a management group - Azure PowerShell,Quickstart: Create a management group with Azure PowerShell - Azure governance,,"In this quickstart, you use Azure PowerShell to create a management group to organize your resources into a resource hierarchy.","Management groups are containers that help you manage access, policy, and compliance across multiple
subscriptions. Create these containers to build an effective and efficient hierarchy that can be
used withAzure PolicyandAzure Role Based Access
Controls. For more information on management groups,
seeOrganize your resources with Azure management groups. The first management group created in the directory could take up to 15 minutes to complete. There
are processes that run the first time to set ",2023-05-11T11:16:00.000Z,quickstart,,0.4,False,"Quickstart using PowerShell to create a management group; primarily procedural with generic cmdlet usage, no product-specific config matrices or limits."
https://learn.microsoft.com/en-us/azure/governance/management-groups/create-management-group-python,Create a management group - Python,Quickstart: Create a management group with Python - Azure governance,,"In this quickstart, you use Python to create a management group to organize your resources into a resource hierarchy.","Management groups are containers that help you manage access, policy, and compliance across multiple
subscriptions. Create these containers to build an effective and efficient hierarchy that can be
used withAzure PolicyandAzure Role Based Access
Controls. For more information on management groups,
seeOrganize your resources with Azure management groups. The first management group created in the directory could take up to 15 minutes to complete. There
are processes that run the first time to set ",2024-09-03T22:09:00.000Z,quickstart,,0.4,False,"Quickstart using Python SDK to create a management group; focuses on simple creation flow, not on detailed configuration, limits, or error handling."
https://learn.microsoft.com/en-us/azure/governance/management-groups/create-management-group-rest-api,Create a management group - REST,Quickstart: Create a management group with REST API - Azure governance,,"In this quickstart, you use REST API to create a management group to organize your resources into a resource hierarchy.","Management groups are containers that help you manage access, policy, and compliance across multiple
subscriptions. Create these containers to build an effective and efficient hierarchy that can be
used withAzure PolicyandAzure Role Based Access
Controls. For more information on management groups,
seeOrganize your resources with Azure management groups. The first management group created in the directory could take up to 15 minutes to complete. There
are processes that run the first time to set ",2024-07-19T08:00:00.000Z,quickstart,,0.4,False,"Quickstart using REST API to create a management group; shows basic REST calls but no comprehensive parameter tables, quotas, or troubleshooting mappings."
https://learn.microsoft.com/en-us/azure/governance/management-groups/how-to/protect-resource-hierarchy,Protect your resource hierarchy,Protect your resource hierarchy - Azure Governance - Azure governance,Configure hierarchy settings to protect Azure resource tree,Learn how to help protect your resource hierarchy by using hierarchy settings that include defining the default management group.,"Your resources, resource groups, subscriptions, management groups, and tenant compose
your resource hierarchy. Settings at the root management group, such as Azure custom roles or
policy assignments, can affect every resource in your resource hierarchy. It's important to
protect the resource hierarchy from changes that could negatively affect all resources. Management groups have hierarchy settings that enable the tenant administrator to control these
behaviors. This article covers each of the a",2024-09-06T22:05:00.000Z,conceptual,security,0.7,True,"Describes protecting the resource hierarchy via management group hierarchy settings and default management group behavior. This typically includes tenant-level settings, role implications, and scope behaviors that are product-specific security configuration details beyond generic concepts."
https://learn.microsoft.com/en-us/azure/governance/management-groups/manage,Manage your resource hierarchy,Manage your Azure subscriptions at scale with management groups - Azure Governance - Azure governance,,"Learn how to view, maintain, update, and delete your management group hierarchy.","If your organization has many subscriptions, you might need a way to efficiently manage access,
policies, and compliance for those subscriptions. Azure management groups provide a level of scope
above subscriptions. You organize subscriptions into containers calledmanagement groupsand apply
your governance conditions to the management groups. All subscriptions within a management group
automatically inherit the conditions applied to the management group. Management groups give you enterprise-gra",2024-09-06T22:05:00.000Z,conceptual,,0.3,False,"How-to for viewing and maintaining management group hierarchy; largely operational steps without detailed configuration parameter tables, limits, or error-code-based troubleshooting."
https://learn.microsoft.com/en-us/azure/governance/management-groups/overview,Management groups,Organize your resources with management groups - Azure Governance - Azure governance,,"Learn about management groups, how their permissions work, and how to use them.","If your organization has many Azure subscriptions, you might need a way to efficiently manage access,
policies, and compliance for those subscriptions.Management groupsprovide a governance scope
above subscriptions. When you organize subscriptions into management groups, the governance conditions that you apply
cascade by inheritance to all associated subscriptions. Management groups give you enterprise-grade management at scale, no matter what type of subscriptions you might have.
However, all ",2025-07-21T22:12:00.000Z,overview,,0.3,False,"Conceptual explanation of management groups and inheritance; lacks numeric limits, config parameter tables, or troubleshooting mappings."
https://learn.microsoft.com/en-us/azure/governance/management-groups/resource-graph-samples,Azure Resource Graph queries,Azure Resource Graph sample queries for management groups - Azure governance,Run Azure Resource Graph queries for management groups,Sample Azure Resource Graph queries for management groups showing use of resource types and tables to access management group details.,"This page is a collection ofAzure Resource Graphsample queries
for management groups.",2024-06-12T05:46:00.000Z,sample,integrations,0.65,True,"Collection of Azure Resource Graph sample queries specifically targeting management group resource types and tables. This is product-specific query/usage guidance that functions as an integration pattern between management groups and Resource Graph, with concrete query syntax that is unlikely to be fully captured in training data."
https://learn.microsoft.com/en-us/azure/governance/management-groups/troubleshoot/general,Troubleshoot,Troubleshoot common errors - Azure governance,Troubleshoot Azure management group SDK errors,Learn how to troubleshoot issues with the various SDKs while working with management groups.,"When you create and work with management groups you might run into errors. This article describes
various general errors that might occur, and it suggests ways to resolve them.",2021-09-07T17:07:00.000Z,troubleshooting,troubleshooting,0.85,True,Explicit troubleshooting article for management groups and SDKs; organized around common errors with causes and resolutions. Contains specific error conditions and product-specific guidance that qualifies as expert troubleshooting knowledge.
https://learn.microsoft.com/en-us/azure/governance/policy/assign-policy-azurecli,Assign a policy - Azure CLI,Quickstart: Create policy assignment using Azure CLI - Azure Policy,,"In this quickstart, you create an Azure Policy assignment to identify non-compliant resources using Azure CLI.","The first step in understanding compliance in Azure is to identify the status of your resources. In this quickstart, you create a policy assignment to identify non-compliant resources using Azure CLI. The policy is assigned to a resource group and audits virtual machines that don't use managed disks. After you create the policy assignment, you identify non-compliant virtual machines. Azure CLI is used to create and manage Azure resources from the command line or in scripts. This guide uses Azure",2025-03-04T08:00:00.000Z,quickstart,,0.45,False,"Quickstart for creating a policy assignment using Azure CLI; shows basic commands but not comprehensive parameter tables, quotas, or troubleshooting content."
https://learn.microsoft.com/en-us/azure/governance/policy/assign-policy-bicep,Assign a policy - Bicep,Quickstart: Create policy assignment using Bicep file - Azure Policy,Create Azure Policy assignment using Bicep,"In this quickstart, you create an Azure Policy assignment to identify non-compliant resources using a Bicep file.","In this quickstart, you use a Bicep file to create a policy assignment that validates resource's compliance with an Azure policy. The policy is assigned to a resource group and audits virtual machines that don't use managed disks. After you create the policy assignment, you identify non-compliant virtual machines. Bicepis a domain-specific language (DSL) that uses declarative syntax to deploy Azure resources. It provides concise syntax, reliable type safety, and support for code reuse. Bicep off",2025-03-04T08:00:00.000Z,quickstart,integrations,0.65,True,"Quickstart includes Bicep resource definitions and parameters specific to Azure Policy assignments, showing exact property names and structures. This is a product-specific integration pattern."
https://learn.microsoft.com/en-us/azure/governance/policy/assign-policy-portal,Assign a policy - Azure portal,Quickstart: Create policy assignment using Azure portal - Azure Policy,,"In this quickstart, you create an Azure Policy assignment to identify non-compliant resources using Azure portal.","The first step in understanding compliance in Azure is to identify the status of your resources. In this quickstart, you create a policy assignment to identify non-compliant resources using Azure portal. The policy is assigned to a resource group and audits virtual machines that don't use managed disks. After you create the policy assignment, you identify non-compliant virtual machines. When assigning a built-in policy or initiative definition, it's optional to reference a version. Policy assign",2025-03-04T08:00:00.000Z,quickstart,,0.45,False,"Quickstart for creating a policy assignment in the portal; step-by-step example without detailed configuration matrices, limits, or error mappings."
https://learn.microsoft.com/en-us/azure/governance/policy/assign-policy-powershell,Assign a policy - Azure PowerShell,Quickstart: Create policy assignment using Azure PowerShell - Azure Policy,,"In this quickstart, you create an Azure Policy assignment to identify non-compliant resources using Azure PowerShell.","The first step in understanding compliance in Azure is to identify the status of your resources. In this quickstart, you create a policy assignment to identify non-compliant resources using Azure PowerShell. The policy is assigned to a resource group and audits virtual machines that don't use managed disks. After you create the policy assignment, you identify non-compliant virtual machines. The Azure PowerShell modules can be used to manage Azure resources from the command line or in scripts. Th",2025-03-04T08:00:00.000Z,quickstart,,0.45,False,"Quickstart for creating a policy assignment using PowerShell; procedural example without detailed configuration options, limits, or error-code mappings."
https://learn.microsoft.com/en-us/azure/governance/policy/assign-policy-rest-api,Assign a policy - REST,Quickstart: Create policy assignment with REST API - Azure Policy,,"In this quickstart, you use REST API to create an Azure Policy assignment to identify non-compliant resources.","The first step in understanding compliance in Azure is to identify the status of your resources. In this quickstart, you create a policy assignment to identify non-compliant resources using REST API. The policy is assigned to a resource group and audits virtual machines that don't use managed disks. After you create the policy assignment, you identify non-compliant virtual machines. This guide uses REST API to create a policy assignment and to identify non-compliant resources in your Azure envir",2025-03-04T08:00:00.000Z,quickstart,,0.45,False,"Quickstart for creating a policy assignment using REST API; focuses on basic REST usage, not on exhaustive configuration parameters, limits, or troubleshooting flows."
https://learn.microsoft.com/en-us/azure/governance/policy/assign-policy-template,Assign a policy - ARM template,Quickstart: Create policy assignment using ARM template - Azure Policy,Create Azure Policy assignment via ARM template,"In this quickstart, you create an Azure Policy assignment to identify non-compliant resources using an Azure Resource Manager template (ARM template).","In this quickstart, you use an Azure Resource Manager template (ARM template) to create a policy assignment that validates resource's compliance with an Azure policy. The policy is assigned to a resource group and audits virtual machines that don't use managed disks. After you create the policy assignment, you identify non-compliant virtual machines. AnAzure Resource Manager templateis a JavaScript Object Notation (JSON) file that defines the infrastructure and configuration for your project. Th",2025-03-04T08:00:00.000Z,quickstart,integrations,0.65,True,"Quickstart shows concrete ARM template schema and parameter usage specific to Azure Policy assignments (JSON properties, structure, and required fields). This is product-specific integration/coding pattern detail rather than generic ARM knowledge."
https://learn.microsoft.com/en-us/azure/governance/policy/assign-policy-terraform,Assign a policy - Terraform,Quickstart: New policy assignment with Terraform - Azure Policy,Create Azure Policy assignment with Terraform,"In this quickstart, you use Terraform and Hashicorp Configuration Language (HCL) syntax to create a policy assignment to identify noncompliant resources.","The first step in understanding compliance in Azure is to identify the status of your resources. This quickstart steps you through the process of creating a policy assignment to identify virtual
machines that are not using managed disks. When assigning a built-in policy or initiative definition, it's optional to reference a version. Policy assignments of built-in definitions default to the latest version and automatically inherit minor version changes unless otherwise specified. Terraformenables",2025-04-04T22:04:00.000Z,quickstart,integrations,0.7,True,"Uses Terraform HCL with Azure Policy-specific resources, arguments, and behaviors (including versioning behavior for built-in definitions). These are concrete integration patterns and configuration parameters unique to this product."
https://learn.microsoft.com/en-us/azure/governance/policy/overview,What is Azure Policy?,Overview of Azure Policy - Azure Policy,,"An overview of the Azure Policy service that you use to create, assign, and manage policy definitions in your Azure environment.","This overview describes how Azure Policy helps to enforce organizational standards and to assess compliance at-scale. Through its compliance dashboard, it provides an aggregated view to evaluate the overall state of the environment, with the ability to drill down to the per-resource, per-policy granularity. It also helps to bring your resources to compliance through bulk remediation for existing resources and automatic remediation for new resources. Note For more information about remediation, s",2025-03-04T08:00:00.000Z,overview,,0.2,False,"High-level overview of Azure Policy capabilities and compliance dashboard; no detailed limits, configuration parameter tables, or error-code-based troubleshooting."
https://learn.microsoft.com/en-us/azure/governance/policy/policy-glossary,Azure Policy glossary,Azure Policy glossary - Azure Policy,,The Azure Policy glossary provides definitions and descriptions of terms used by Azure Policy service.,The Azure Policy glossary provides definitions and descriptions of terms used by Azure Policy service. The termpolicyis used widely in virtually every industry and is associated with many use cases. Azure Policy has specific vocabulary and applications that aren't to be confused with policy embedded in other contexts.,2025-03-04T08:00:00.000Z,concept-article,,0.1,False,"Glossary of Azure Policy terms; definitional content rather than actionable configuration, limits, or troubleshooting guidance."
https://learn.microsoft.com/en-us/azure/governance/policy/samples/,Index,Index of Azure Policy built-in definitions and initiatives - Azure Policy,,"Index of documentation for Azure Policy built-in definitions and initiatives, and built-ins for Regulatory Compliance.","This page is an index of documentation for Azure Policy built-in policy definitions and initiatives, and Regulatory Compliance built-ins that are available in Azure portal.",2025-08-05T20:17:00.000Z,sample,,0.2,False,"Index page listing categories of built-in definitions; it primarily provides navigation links without detailed configuration tables, limits, or error mappings."
https://learn.microsoft.com/en-us/azure/governance/policy/samples/australia-ism,Australian Government ISM PROTECTED,Regulatory Compliance details for Australian Government ISM PROTECTED - Azure Policy,Map Azure Policy to Australian ISM PROTECTED controls,Details of the Australian Government ISM PROTECTED Regulatory Compliance built-in initiative. Each control is mapped to one or more Azure Policy definitions that assist with assessment.,"The following article details how the Azure Policy Regulatory Compliance built-in initiative
definition maps tocompliance domainsandcontrolsin Australian Government ISM PROTECTED.
For more information about this compliance standard, seeAustralian Government ISM PROTECTED. To understandOwnership, review thepolicy typeandShared responsibility in the cloud. The following mappings are to theAustralian Government ISM PROTECTEDcontrols. Many of the controls
are implemented with anAzure Policyinitiativ",2025-11-19T08:00:00.000Z,generated-reference,security,0.7,True,Provides detailed mappings between Azure Policy definitions/initiatives and specific Australian ISM PROTECTED security controls. This is product-specific security/compliance configuration knowledge.
https://learn.microsoft.com/en-us/azure/governance/policy/samples/built-in-initiatives,Built-in initiatives,List of built-in policy initiatives - Azure Policy,,"List built-in policy initiatives for Azure Policy. Categories include Regulatory Compliance, Azure Machine Configuration, and more.","This page is an index of Azure Policy built-in initiative definitions. The name on each built-in links to the initiative definition source on theAzure Policy GitHub repo. The built-ins are grouped by thecategoryproperty inmetadata. To go to a specificcategory, useCtrl-Ffor your browser's search feature.",2025-11-18T08:00:00.000Z,generated-reference,,0.2,False,Index of built-in initiatives; serves as navigation without embedding detailed initiative configuration or mappings that would qualify as expert knowledge.
https://learn.microsoft.com/en-us/azure/governance/policy/samples/built-in-policies,Built-in policies,List of built-in policy definitions - Azure Policy,,"List built-in policy definitions for Azure Policy. Categories include Tags, Regulatory Compliance, Key Vault, Kubernetes, Azure Machine Configuration, and more.","This page is an index of Azure Policy built-in policy definitions. The name of each built-in links to the policy definition in the Azure portal. Use the link in theSourcecolumn to view the source on theAzure Policy GitHub repo. The built-ins are grouped by thecategoryproperty inmetadata. To go to a specificcategory, useCtrl-Ffor your browser's search feature.",2026-01-26T08:00:00.000Z,generated-reference,,0.2,False,"List/index of built-in policy definitions with links out; the page itself does not contain detailed schemas, parameters, or other expert configuration content."
https://learn.microsoft.com/en-us/azure/governance/policy/samples/canada-federal-pbmm,Canada Federal PBMM,Regulatory Compliance details for Canada Federal PBMM - Azure Policy,Map Azure Policy to Canada Federal PBMM controls,Details of the Canada Federal PBMM Regulatory Compliance built-in initiative. Each control is mapped to one or more Azure Policy definitions that assist with assessment.,"The following article details how the Azure Policy Regulatory Compliance built-in initiative
definition maps tocompliance domainsandcontrolsin Canada Federal PBMM.
For more information about this compliance standard, seeCanada Federal PBMM. To understandOwnership, review thepolicy typeandShared responsibility in the cloud. The following mappings are to theCanada Federal PBMMcontrols. Many of the controls
are implemented with anAzure Policyinitiative definition. To review the complete
initiative ",2025-11-19T23:14:00.000Z,generated-reference,security,0.7,True,"Details how Azure Policy Regulatory Compliance initiatives map to Canada Federal PBMM controls, including which policies implement which controls. This is specialized security/compliance configuration knowledge."
https://learn.microsoft.com/en-us/azure/governance/policy/samples/cis-azure-1-1-0,CIS Microsoft Azure Foundations Benchmark 1.1.0,Regulatory Compliance details for CIS Microsoft Azure Foundations Benchmark 1.1.0 - Azure Policy,Azure Policy mapping for CIS Azure Benchmark 1.1.0,Details of the CIS Microsoft Azure Foundations Benchmark 1.1.0 Regulatory Compliance built-in initiative. Each control is mapped to one or more Azure Policy definitions that assist with assessment.,"The following article details how the Azure Policy Regulatory Compliance built-in initiative
definition maps tocompliance domainsandcontrolsin CIS Microsoft Azure Foundations Benchmark 1.1.0.
For more information about this compliance standard, seeCIS Microsoft Azure Foundations Benchmark 1.1.0. To understandOwnership, review thepolicy typeandShared responsibility in the cloud. The following mappings are to theCIS Microsoft Azure Foundations Benchmark 1.1.0controls. Many of the controls
are impl",2025-10-09T08:00:00.000Z,generated-reference,security,0.7,True,"Contains control-by-control mappings between CIS Azure Foundations 1.1.0 and Azure Policy initiatives/definitions, which is product-specific security/compliance implementation detail."
https://learn.microsoft.com/en-us/azure/governance/policy/samples/cis-azure-1-3-0,CIS Microsoft Azure Foundations Benchmark 1.3.0,Regulatory Compliance details for CIS Microsoft Azure Foundations Benchmark 1.3.0 - Azure Policy,Azure Policy mapping for CIS Azure Benchmark 1.3.0,Details of the CIS Microsoft Azure Foundations Benchmark 1.3.0 Regulatory Compliance built-in initiative. Each control is mapped to one or more Azure Policy definitions that assist with assessment.,"The following article details how the Azure Policy Regulatory Compliance built-in initiative
definition maps tocompliance domainsandcontrolsin CIS Microsoft Azure Foundations Benchmark 1.3.0.
For more information about this compliance standard, seeCIS Microsoft Azure Foundations Benchmark 1.3.0. To understandOwnership, review thepolicy typeandShared responsibility in the cloud. The following mappings are to theCIS Microsoft Azure Foundations Benchmark 1.3.0controls. Many of the controls
are impl",2025-10-09T08:00:00.000Z,generated-reference,security,0.7,True,"Similar to other CIS mapping pages, it provides detailed mappings from CIS controls to Azure Policy definitions/initiatives, which is specialized security/compliance configuration knowledge."
https://learn.microsoft.com/en-us/azure/governance/policy/samples/cis-azure-1-4-0,CIS Microsoft Azure Foundations Benchmark 1.4.0,Regulatory Compliance details for CIS Microsoft Azure Foundations Benchmark 1.4.0 - Azure Policy,Azure Policy mapping for CIS Azure Benchmark 1.4.0,Details of the CIS Microsoft Azure Foundations Benchmark 1.4.0 Regulatory Compliance built-in initiative. Each control is mapped to one or more Azure Policy definitions that assist with assessment.,"The following article details how the Azure Policy Regulatory Compliance built-in initiative
definition maps tocompliance domainsandcontrolsin CIS Microsoft Azure Foundations Benchmark 1.4.0.
For more information about this compliance standard, seeCIS Microsoft Azure Foundations Benchmark 1.4.0. To understandOwnership, review thepolicy typeandShared responsibility in the cloud. The following mappings are to theCIS Microsoft Azure Foundations Benchmark 1.4.0controls. Many of the controls
are impl",2025-10-09T08:00:00.000Z,generated-reference,security,0.7,True,"Documents how each CIS 1.4.0 control is assessed via specific Azure Policy initiatives and definitions, which is product-specific security/compliance implementation detail."
https://learn.microsoft.com/en-us/azure/governance/policy/samples/cis-azure-2-0-0,CIS Microsoft Azure Foundations Benchmark 2.0.0,Regulatory Compliance details for CIS Microsoft Azure Foundations Benchmark 2.0.0 - Azure Policy,Azure Policy mapping for CIS Azure Benchmark 2.0.0,Details of the CIS Microsoft Azure Foundations Benchmark 2.0.0 Regulatory Compliance built-in initiative. Each control is mapped to one or more Azure Policy definitions that assist with assessment.,"The following article details how the Azure Policy Regulatory Compliance built-in initiative
definition maps tocompliance domainsandcontrolsin CIS Microsoft Azure Foundations Benchmark 2.0.0.
For more information about this compliance standard, seeCIS Microsoft Azure Foundations Benchmark 2.0.0. To understandOwnership, review thepolicy typeandShared responsibility in the cloud. The following mappings are to theCIS Microsoft Azure Foundations Benchmark 2.0.0controls. Many of the controls
are impl",2025-11-19T08:00:00.000Z,generated-reference,security,0.7,True,"Provides mappings between CIS 2.0.0 controls and Azure Policy initiatives/definitions, representing detailed security/compliance configuration guidance unique to Azure."
https://learn.microsoft.com/en-us/azure/governance/policy/tutorials/create-and-manage,Create and manage Azure Policy,Tutorial: Build policies to enforce compliance - Azure Policy,,"In this tutorial, you use policies to enforce standards, control costs, maintain security, and impose enterprise-wide design principles.","Understanding how to create and manage policies in Azure is important for staying compliant with
your corporate standards and service-level agreements. In this tutorial, you learn to use Azure
Policy to do some of the more common tasks related to creating, assigning, and managing policies
across your organization, such as: If you would like to assign a policy to identify the current compliance state of your existing
resources, the quickstart articles go over how to do so.",2025-03-04T08:00:00.000Z,tutorial,,0.3,False,"Tutorial on creating and managing policies is largely procedural and conceptual; it does not focus on detailed configuration tables, limits, or error mappings that qualify as expert knowledge under the defined categories."
https://learn.microsoft.com/en-us/azure/governance/policy/tutorials/create-custom-policy-definition,Create a custom policy definition,Tutorial: Create a custom policy definition - Azure Policy,Author custom Azure Policy definitions,"In this tutorial, you craft a custom policy definition for Azure Policy to enforce custom business rules on your Azure resources.","A custom policy definition allows customers to define their own rules for using Azure. These rules often enforce: Whatever the business driver for creating a custom policy, the steps are the same for defining the new custom policy. Before creating a custom policy, check thepolicy samplesto see whether a policy that matches your needs already exists. The approach to creating a custom policy follows these steps:",2025-03-04T08:00:00.000Z,tutorial,integrations,0.6,True,"Creating custom policy definitions requires using Azure Policy JSON schema with specific fields (if/then, effects, parameters). The article necessarily includes product-specific schema and configuration patterns, fitting integrations/coding patterns."
https://learn.microsoft.com/en-us/azure/governance/policy/tutorials/disallowed-resources,Disallow resource types,Tutorial: Disallow resource types in your cloud environment - Azure Policy,Configure Azure Policy to disallow resource types,"In this tutorial, you use Azure Policy to enforce only certain resource types be used in your environment.","One popular goal of cloud governance is restricting what resource types are allowed in the environment. Businesses have many motivations behind resource type restrictions. For example, resource types might be costly or might go against business standards and strategies. Rather than using many policies for individual resource types, Azure Policy offers two built-in policies to achieve this goal: In this tutorial, you apply theNot allowed resource typespolicy and manage resource types at scale thr",2025-03-04T08:00:00.000Z,tutorial,configuration,0.65,True,"Uses built-in policies like 'Not allowed resource types' with specific configuration of allowed/blocked types. This is concrete policy configuration for resource governance, not just conceptual guidance."
https://learn.microsoft.com/en-us/azure/governance/policy/tutorials/govern-tags,Manage tag governance,Tutorial: Manage tag governance with Azure Policy - Azure Policy,Configure tag governance with Azure Policy,"In this tutorial, you use the modify effect of Azure Policy to create and enforce a tag governance model on new and existing resources.","Tagsare a crucial part of organizing your Azure resources into a taxonomy. When followingbest practices for tag management, tags can be the basis for applying your business policies with Azure Policy ortracking costs with Cost Management. No matter how or why you use tags, it's important that you can quickly add, change, and remove those tags on your Azure resources. To see whether your Azure resource supports tagging, seeTag support. Azure Policy'smodifyeffect is designed to aid in the governan",2025-03-04T08:00:00.000Z,tutorial,configuration,0.6,True,Managing tag governance with the modify effect involves specific policy configuration properties and effect settings for tags. These are concrete configuration patterns and settings unique to Azure Policy tagging.
https://learn.microsoft.com/en-us/azure/governance/policy/tutorials/mfa-enforcement,Apply MFA self-enforcement through Azure Policy,Tutorial: Self-enforce MFA through Azure Policy - Azure Policy,Enforce multifactor authentication using Azure Policy,Learn how to gather audit events or enforce MFA enforcement on your environment,"Azure Policyis a powerful governance tool that allows you to prepare your organization forupcoming enforcement of multifactor authentication (MFA) across Azure clients.
This guide walks you through the process of applying Azure Policy assignments to self-enforce multifactor authentication across your organization.",2025-11-18T18:43:00.000Z,how-to,security,0.65,True,"Focuses on self-enforcing MFA via Azure Policy assignments, mapping policy configuration to MFA enforcement. This is product-specific security configuration and enforcement guidance."
https://learn.microsoft.com/en-us/azure/governance/policy/tutorials/modify-virtual-machine-identity,Add user assign identities to virtual machines,Tutorial: Add user assign identities to virtual machines - Azure Policy,Use Azure Policy to add user-assigned identities,Learn how to update virtual machines' and virtual machine scale sets' identities to be user assigned as a prerequisite to install the Azure Monitoring Agent,Existing virtual machines and virtual machines scale sets that need to use theAzure Monitoring Agentmust be updated to use a user assigned managed identity. This article shows the steps needed to assign a custom definition that adds a user assigned identity to those resources at scale via Azure Policy. Note The definition template MUST be assigned withenforcement mode disabled (DoNotEnforce)to prevent failures on newly created resources.,2025-03-04T08:00:00.000Z,how-to,configuration,0.7,True,"Shows a custom policy definition and assignment configuration to add user-assigned managed identities at scale, including the requirement to set enforcement mode to DoNotEnforce. These are specific configuration details and gotchas."
https://learn.microsoft.com/en-us/azure/governance/policy/tutorials/policy-devops-pipelines,Implement Azure Policy with Azure DevOps,Tutorial: Implement Azure Policy with Azure DevOps - Azure Policy,Enforce Azure Policy in Azure DevOps pipelines,"In this tutorial, you implement an Azure Policy with an Azure DevOps release pipeline.","Azure DevOps Services Learn how to enforce compliance policies on your Azure resources before and after deployment with Azure Pipelines. Azure Pipelines lets you build, test, and deploy with continuous integration (CI) and continuous delivery (CD) usingAzure DevOps. One scenario for adding Azure Policy to a pipeline is when you want to ensure that resources are deployed only to authorized regions and are configured to send diagnostics logs to Azure Log Analytics. You can use either theclassic pi",2025-03-04T08:00:00.000Z,tutorial,deployment,0.6,True,"Describes integrating Azure Policy checks into Azure DevOps release pipelines (classic and YAML), including pipeline tasks and sequencing. This is a product-specific deployment/CI-CD pattern rather than generic DevOps guidance."
https://learn.microsoft.com/en-us/azure/governance/policy/tutorials/route-state-change-events,Route policy state change events,Tutorial: Route policy state change events to Event Grid with Azure CLI - Azure Policy,Route Azure Policy state changes to Event Grid,"In this tutorial, you configure Event Grid to listen for policy state change events and call a webhook.","In this article, you learn how to set up Azure Policy event subscriptions to send policy state change events to a web endpoint. Azure Policy users can subscribe to events emitted when policy state changes occur on resources. These events can trigger web hooks,Azure Functions,Azure Storage Queues, or any other event handler supported byAzure Event Grid. Typically, you send events to an endpoint that processes the event data and takes actions. To simplify this tutorial, you send the events to a we",2025-03-04T08:00:00.000Z,tutorial,integrations,0.7,True,"Shows how to configure Event Grid subscriptions for Azure Policy events using Azure CLI, including event types, endpoints, and subscription parameters. This is a product-specific integration pattern with concrete configuration values."
